code,art,name
09161,Kreisfreie Stadt,Ingolstadt
09162,Kreisfreie Stadt,"München, Landeshauptstadt"
09163,Kreisfreie Stadt,Rosenheim
09171,Landkreis,Altötting
09172,Landkreis,Berchtesgadener Land
09173,Landkreis,Bad Tölz-Wolfratshausen
09174,Landkreis,Dachau
09175,Landkreis,Ebersberg
09176,Landkreis,Eichstätt
09177,Landkreis,Erding
09178,Landkreis,Freising
09179,Landkreis,Fürstenfeldbruck
09180,Landkreis,Garmisch-Partenkirchen
09181,Landkreis,Landsberg am Lech
09182,Landkreis,Miesbach
09183,Landkreis,Mühldorf a.Inn
09184,Landkreis,München
09185,Landkreis,Neuburg-Schrobenhausen
09186,Landkreis,Pfaffenhofen a.d.Ilm
09187,Landkreis,Rosenheim
09188,Landkreis,Starnberg
09189,Landkreis,Traunstein
09190,Landkreis,Weilheim-Schongau
09261,Kreisfreie Stadt,Landshut
09262,Kreisfreie Stadt,Passau
09263,Kreisfreie Stadt,Straubing
09271,Landkreis,Deggendorf
09272,Landkreis,Freyung-Grafenau
09273,Landkreis,Kelheim
09274,Landkreis,Landshut
09275,Landkreis,Passau
09276,Landkreis,Regen
09277,Landkreis,Rottal-Inn
09278,Landkreis,Straubing-Bogen
09279,Landkreis,Dingolfing-Landau
09361,Kreisfreie Stadt,Amberg
09362,Kreisfreie Stadt,Regensburg
09363,Kreisfreie Stadt,Weiden i.d.OPf.
09371,Landkreis,Amberg-Sulzbach
09372,Landkreis,Cham
09373,Landkreis,Neumarkt i.d.OPf.
09374,Landkreis,Neustadt a.d.Waldnaab
09375,Landkreis,Regensburg
09376,Landkreis,Schwandorf
09377,Landkreis,Tirschenreuth
09461,Kreisfreie Stadt,Bamberg
09462,Kreisfreie Stadt,Bayreuth
09463,Kreisfreie Stadt,Coburg
09464,Kreisfreie Stadt,Hof
09471,Landkreis,Bamberg
09472,Landkreis,Bayreuth
09473,Landkreis,Coburg
09474,Landkreis,Forchheim
09475,Landkreis,Hof
09476,Landkreis,Kronach
09477,Landkreis,Kulmbach
09478,Landkreis,Lichtenfels
09479,Landkreis,Wunsiedel i.Fichtelgebirge
09561,Kreisfreie Stadt,Ansbach
09562,Kreisfreie Stadt,Erlangen
09563,Kreisfreie Stadt,Fürth
09564,Kreisfreie Stadt,Nürnberg
09565,Kreisfreie Stadt,Schwabach
09571,Landkreis,Ansbach
09572,Landkreis,Erlangen-Höchstadt
09573,Landkreis,Fürth
09574,Landkreis,Nürnberger Land
09575,Landkreis,Neustadt a.d.Aisch-Bad Windsheim
09576,Landkreis,Roth
09577,Landkreis,Weißenburg-Gunzenhausen
09661,Kreisfreie Stadt,Aschaffenburg
09662,Kreisfreie Stadt,Schweinfurt
09663,Kreisfreie Stadt,Würzburg
09671,Landkreis,Aschaffenburg
09672,Landkreis,Bad Kissingen
09673,Landkreis,Rhön-Grabfeld
09674,Landkreis,Haßberge
09675,Landkreis,Kitzingen
09676,Landkreis,Miltenberg
09677,Landkreis,Main-Spessart
09678,Landkreis,Schweinfurt
09679,Landkreis,Würzburg
09761,Kreisfreie Stadt,Augsburg
09762,Kreisfreie Stadt,Kaufbeuren
09763,Kreisfreie Stadt,Kempten (Allgäu)
09764,Kreisfreie Stadt,Memmingen
09771,Landkreis,Aichach-Friedberg
09772,Landkreis,Augsburg
09773,Landkreis,Dillingen a.d.Donau
09774,Landkreis,Günzburg
09775,Landkreis,Neu-Ulm
09776,Landkreis,Lindau (Bodensee)
09777,Landkreis,Ostallgäu
09778,Landkreis,Unterallgäu
09779,Landkreis,Donau-Ries
09780,Landkreis,Oberallgäu
