clinic_id,town,state,candidate_plz,rule,site,why
16106,Ingolstadt,held,85051,khv_name_overlap,KHV 2379 kbo-Heckscher-Klinikum Abteilung Ingolstadt,"weaker rule, not written; review"
16211,München,held,81377,khv_name_overlap,KHV 2407 kbo-Kinderzentrum München,"weaker rule, not written; review"
16223,München,held,80634,khv_name_overlap,KHV 1144 Rotkreuzklinikum München,"weaker rule, not written; review"
16230,München,held,81379,khv_name_overlap,KHV 1497 Internistisches Klinikum München Süd GmbH,"weaker rule, not written; review"
16239,München,held,81241,khv_name_overlap,KHV 2188 Dr. Lubos Kliniken Pasing,"weaker rule, not written; review"
16246,München,held,81925,khv_name_overlap,KHV 2640 Arabella-Klinik GmbH,"weaker rule, not written; review"
16256,München,held,80686,khv_name_overlap,KHV 1951 Psychosomatische Klinik Windach Tagesklinik Westend,"weaker rule, not written; review"
16257,München,held,80331,khv_name_overlap,KHV 1324 Isar Kliniken GmbH,"weaker rule, not written; review"
16260,München,held,81675,khv_name_overlap,KHV 1933 Schön Klinik Roseneck Tagesklinik München,"weaker rule, not written; review"
16262,München,held,81925,khv_name_overlap,KHV 1504 Algesiologikum Tagesklinik für Schmerzmedizin,"weaker rule, not written; review"
16263,München,held,80331,khv_name_overlap,KHV 1324 Isar Kliniken GmbH,"weaker rule, not written; review"
16292,München,held,80636,khv_name_overlap,KHV 2814 TUM Klinikum Deutsches Herzzentrum,"weaker rule, not written; review"
16304,Rosenheim,held,83022,khv_name_overlap,KHV 1434 kbo-Inn-Salzach-Klinikum gGmbH Tagklinik Rosenheim,"weaker rule, not written; review"
16370,Rosenheim,held,83024,khv_name_overlap,KHV 1933 Schön Klinik Roseneck Haus Rosenheim,"weaker rule, not written; review"
17105,Altötting,held,84503,khv_name_overlap,KHV 1332 Zentrum für Kinder und Jugendliche Inn-Salzach eV,"weaker rule, not written; review"
17202,Berchtesgaden,held,83471,khv_municipality_one_plz,"KHV 2769 Kreiskliniken Bad Reichenhall, Berchtesgaden, Freilassing – Kreisklinik Berchtesgaden","weaker rule, not written; review"
17205,Bad Reichenhall,held,83435,khv_municipality_one_plz,"KHV 2769 Kreiskliniken Bad Reichenhall, Berchtesgaden, Freilassing – Kreisklinik Bad Reichenhall","weaker rule, not written; review"
17274,Bad Reichenhall,held,83435,khv_name_overlap,KHV 2809 Klinik für Schlafstörungen GmbH,"weaker rule, not written; review"
17306,Wolfratshausen,held,82515,khv_name_overlap,KHV 2458 Kreisklinik Wolfratshausen gGmbH,"weaker rule, not written; review"
17308,Wolfratshausen,held,82515,khv_name_overlap,KHV 2379 kbo-Heckscher-Klinikum Psychiatrische Institutsambulanz Rottmannshöhe - Wolfratshausen,"weaker rule, not written; review"
17401,Dachau,held,85221,khv_name_overlap,KHV 2196 Helios Amper-Klinikum Dachau,"weaker rule, not written; review"
17405,Dachau,held,85221,khv_name_overlap,KHV 1718 kbo-Isar-Amper-Klinikum Tagesklinik Dachau,"weaker rule, not written; review"
17502,Ebersberg,held,85560,khv_name_overlap,KHV 1434 kbo-Inn-Salzach-Klinikum gGmbH Tagesklinik Ebersberg,"weaker rule, not written; review"
17902,Fürstenfeldbruck,held,82256,khv_name_overlap,KHV 1718 kbo-Isar-Amper-Klinikum Fürstenfeldbruck,"weaker rule, not written; review"
18007,Murnau,held,82418,khv_name_overlap,KHV 2344 Berufsgenossenschaftliche Unfallklinik Murnau,"weaker rule, not written; review"
18402,Haar,held,85540,khv_name_overlap,KHV 1718 kbo-Isar-Amper-Klinikum München-Ost,"weaker rule, not written; review"
18505,Neuburg/Donau,held,86633,khv_municipality_one_plz,KHV 2515 Danuvius Klinik Neuburg Tagklinik,"weaker rule, not written; review"
18601,Pfaffenhofen,held,85276,khv_name_overlap,KHV 1097 Ilmtalklinik GmbH Ilmtalklinik Pfaffenhofen,"weaker rule, not written; review"
18712,Wasserburg am Inn,held,83512,khv_name_overlap,KHV 1434 kbo-Inn-Salzach-Klinikum gGmbH,"weaker rule, not written; review"
18716,Prien am Chiemsee,held,83209,khv_municipality_one_plz,KHV 2600 RoMed Klinikum Rosenheim Prien Klinik Prien,"weaker rule, not written; review"
18776,Prien am Chiemsee,held,83209,khv_municipality_one_plz,KHV 2600 RoMed Klinikum Rosenheim Prien Klinik Prien,"weaker rule, not written; review"
18811,Gauting,held,82131,khv_municipality_one_plz,KHV 2632 Asklepios Fachkliniken München-Gauting,"weaker rule, not written; review"
26105,Landshut,held,84036,khv_name_overlap,KHV 1452 Krankenhaus Landshut-Achdorf,"weaker rule, not written; review"
26206,Passau,held,94036,khv_name_overlap,KHV 2755 Psychosomatische Tagesklinik Passau,"weaker rule, not written; review"
27107,Deggendorf,held,94469,khv_municipality_one_plz,KHV 2336 DONAUISAR Klinikum Deggendorf-Landau – Klinikum Deggendorf,"weaker rule, not written; review"
27201,Grafenau,held,94481,khv_name_overlap,KHV 1174 Kliniken Am Goldenen Steig Kreiskrankenhaus Grafenau,"weaker rule, not written; review"
27509,Bad Füssing,held,94072,khv_name_overlap,KHV 2541 Johannesbad Fachklinik Bad Füssing,"weaker rule, not written; review"
27706,Simbach am Inn,held,84359,khv_name_overlap,KHV 1520 AMEOS Klinikum Inntal,"weaker rule, not written; review"
27773,Simbach am Inn,held,84359,khv_name_overlap,KHV 1520 AMEOS Klinikum Inntal,"weaker rule, not written; review"
36102,Amberg,held,92224,khv_municipality_one_plz,KHV 1091 Klinikum St. Marien Kommunalunternehmen,"weaker rule, not written; review"
36301,Weiden,held,92637,khv_name_overlap,KHV 2889 Kliniken Nordoberpfalz AG Klinikum Weiden,"weaker rule, not written; review"
36302,Weiden,held,92637,khv_municipality_one_plz,KHV 1427 Bezirksklinikum Regensburg Psychiatrische Tagesklinik Weiden,"weaker rule, not written; review"
37202,Cham,held,93413,khv_name_overlap,KHV 1062 Sana Kliniken des Landkreises Cham GmbH Krankenhaus Cham,"weaker rule, not written; review"
37203,Bad Kötzting,held,93444,khv_name_overlap,KHV 1062 Sana Kliniken des Landkreises Cham GmbH Krankenhaus Bad Kötzting,"weaker rule, not written; review"
37208,Cham,held,93413,khv_municipality_one_plz,KHV 1427 Bezirksklinikum Regensburg Psychiatrisches Zentrum Cham,"weaker rule, not written; review"
37275,Bad Kötzting,held,93444,khv_name_overlap,KHV 1186 TCM Klinik Kötzting Erste Deutsche Klinik für Traditionelle Chinesische Medizin GmbH,"weaker rule, not written; review"
46110,Bamberg,held,96049,khv_municipality_one_plz,KHV 2822 Bezirkskrankenhaus Bayreuth Tagesklinik Bamberg,"weaker rule, not written; review"
46170,Bamberg,held,96049,khv_name_overlap,KHV 2001 Sozialstiftung Bamberg Betriebsstätte am Bruderwald,"weaker rule, not written; review"
46201,Bayreuth,held,95445,khv_municipality_one_plz,KHV 1991 Klinikum Bayreuth GmbH Klinikum Bayreuth,"weaker rule, not written; review"
46203,Bayreuth,held,95445,khv_name_overlap,KHV 2822 Bezirkskrankenhaus Bayreuth,"weaker rule, not written; review"
46301,Coburg,held,96450,khv_name_overlap,KHV 2459 Sana Klinikum Coburg,"weaker rule, not written; review"
46306,Coburg,held,96450,khv_name_overlap,KHV 1571 Bezirksklinikum Obermain Tagesklinik Coburg,"weaker rule, not written; review"
46307,Coburg,held,96450,khv_name_overlap,KHV 2822 Bezirkskrankenhaus Bayreuth Tagesklinik Coburg,"weaker rule, not written; review"
46405,Hof,held,95032,khv_name_overlap,KHV 2822 Bezirkskrankenhaus Bayreuth Tagesklinik Hof,"weaker rule, not written; review"
47401,Forchheim,held,91301,khv_name_overlap,"KHV 2603 Klinikum Forchheim – Fränkische Schweiz gGmbH, Standort Forchheim","weaker rule, not written; review"
47403,Forchheim,held,91301,khv_name_overlap,KHV 1731 Psychiatrische Tagesklinik Bamberg-Forchheim gGmbH,"weaker rule, not written; review"
47602,Kronach,held,96317,khv_name_overlap,KHV 1571 Bezirksklinikum Obermain Tagesklinik Kronach,"weaker rule, not written; review"
56102,Ansbach,held,91522,khv_name_overlap,KHV 2751 Bezirksklinikum Ansbach,"weaker rule, not written; review"
56202,Erlangen,held,91056,khv_name_overlap,KHV 2619 Klinikum am Europakanal Erlangen,"weaker rule, not written; review"
56303,Fürth,held,90766,khv_municipality_one_plz,KHV 2619 Klinikum am Europakanal Psychiatrische Klinik Fürth,"weaker rule, not written; review"
56304,Fürth,held,90766,khv_name_overlap,KHV 1939 Medic-Center Klinik Fürth,"weaker rule, not written; review"
56406,Nürnberg,held,90419,khv_name_overlap,KHV 1654 Klinik Hallerwiese-Cnopf'sche Kinderklinik,"weaker rule, not written; review"
57504,Neustadt a.d. Aisch,held,91413,khv_municipality_one_plz,KHV 2751 Bezirksklinikum Ansbach – Psychiatrische Institutsambulanz Neustadt a.d.Aisch,"weaker rule, not written; review"
57506,Neustadt a. d. Aisch,held,91413,khv_municipality_one_plz,KHV 2751 Bezirksklinikum Ansbach – Psychiatrische Institutsambulanz Neustadt a.d.Aisch,"weaker rule, not written; review"
57570,Bad Windsheim,held,91438,khv_name_overlap,KHV 1404 Dr. Becker Kiliani-Klinik AKUT,"weaker rule, not written; review"
57605,Roth,held,91154,khv_name_overlap,KHV 2320 Kreisklinik Roth,"weaker rule, not written; review"
57706,Weißenburg i.Bay.,held,91781,khv_municipality_one_plz,KHV 2751 Bezirksklinikum Ansbach – Psychiatrische Tagesklinik Weißenburg,"weaker rule, not written; review"
66102,Aschaffenburg,held,63739,khv_name_overlap,KHV 1909 Bergmann Clinics Hofgartenklinik,"weaker rule, not written; review"
66104,Aschaffenburg,held,63739,khv_name_overlap,KHV 1375 Psychiatrische Klinik Aschaffenburg des BKH Lohr am Main,"weaker rule, not written; review"
67170,Alzenau,held,63755,khv_name_overlap,KHV 1814 Vital Klinik GmbH & Co. KG,"weaker rule, not written; review"
67208,Bad Kissingen,held,97688,khv_municipality_one_plz,KHV 1419 Helios St. Elisabeth-Krankenhaus Bad Kissingen GmbH,"weaker rule, not written; review"
67273,Bad Kissingen,held,97688,khv_municipality_one_plz,KHV 1419 Helios St. Elisabeth-Krankenhaus Bad Kissingen GmbH,"weaker rule, not written; review"
67307,Bad Neustadt a.d. Saale,held,97616,khv_municipality_one_plz,KHV 1582 Psychosomatische Klinik,"weaker rule, not written; review"
67308,Bad Neustadt a. d. Saale,held,97616,khv_name_overlap,KHV 1407 RHÖN-KLINIKUM Campus Bad Neustadt,"weaker rule, not written; review"
67370,Bad Neustadt a.d. Saale,held,97616,khv_municipality_one_plz,KHV 1582 Psychosomatische Klinik,"weaker rule, not written; review"
67803,Werneck,held,97440,khv_name_overlap,KHV 1011 Orthopädisches Krankenhaus Schloss Werneck,"weaker rule, not written; review"
67804,Werneck,held,97440,khv_municipality_one_plz,KHV 2209 Krankenhaus Markt Werneck,"weaker rule, not written; review"
67805,Gerolzhofen,held,97447,khv_name_overlap,KHV 1135 Augenklinik Schweinfurt Gerolzhofen,"weaker rule, not written; review"
76110,Augsburg,held,86154,khv_name_overlap,KHV 2200 KJF Klinik Josefinum gGmbH,"weaker rule, not written; review"
76111,Augsburg-Göggingen,held,86199,khv_name_overlap,KHV 2442 Hessing Stiftung Orthopädische Fachkliniken,"weaker rule, not written; review"
76114,Augsburg,held,86156,khv_name_overlap,KHV 2756 Bezirkskrankenhaus Augsburg,"weaker rule, not written; review"
76304,Kempten,held,87439,khv_name_overlap,KHV 1359 Bezirkskrankenhaus Kempten,"weaker rule, not written; review"
76403,Memmingen,held,87700,khv_name_overlap,KHV 1432 Bezirkskrankenhaus Memmingen,"weaker rule, not written; review"
77101,Aichach,held,86551,khv_name_overlap,KHV 1610 Kliniken an der Paar Krankenhaus Aichach,"weaker rule, not written; review"
77401,Günzburg,held,89312,khv_name_overlap,KHV 2795 Kreiskliniken Günzburg-Krumbach Klinik Günzburg,"weaker rule, not written; review"
77406,Günzburg,held,89312,khv_name_overlap,KHV 1305 Bezirkskrankenhaus Günzburg,"weaker rule, not written; review"
77605,Lindau,held,88131,khv_municipality_one_plz,KHV 2885 Asklepios Klinik Lindau GmbH,"weaker rule, not written; review"
77606,Scheidegg im Allgäu,held,88175,khv_name_overlap,KHV 1579 Panorama Fachklinik für Psychosomatik Scheidegg i. Allgäu,"weaker rule, not written; review"
77673,Scheidegg im Allgäu,held,88175,khv_name_overlap,KHV 1579 Panorama Fachklinik für Psychosomatik Scheidegg i. Allgäu,"weaker rule, not written; review"
77705,Pfronten,held,87459,khv_name_overlap,KHV 2029 St. Vinzenz Klinik Pfronten im Allgäu GmbH,"weaker rule, not written; review"
77706,Hopfen am See/Füssen,held,87629,khv_name_overlap,KHV 2050 m&i-Fachklinik Enzensberg,"weaker rule, not written; review"
77902,Nördlingen,held,86720,khv_name_overlap,KHV 1166 Donau-Ries Kliniken Klinik Nördlingen,"weaker rule, not written; review"
77907,Donauwörth,held,86609,khv_name_overlap,KHV 2477 Bezirkskrankenhaus Donauwörth,"weaker rule, not written; review"
78071,Oberstdorf,held,87561,khv_name_overlap,KHV 1069 Adula-Klinik-Oberstdorf Dr. Reisach GmbH & Co. KG,"weaker rule, not written; review"
16101,Ingolstadt,unresolved,,,,"ambiguous: 7 KHV sites, 3 PLZ in the municipality"
16102,Ingolstadt,unresolved,,,,"ambiguous: 7 KHV sites, 3 PLZ in the municipality"
16107,Ingolstadt,unresolved,,,,"ambiguous: 7 KHV sites, 3 PLZ in the municipality"
16212,München,unresolved,,,,"ambiguous: 78 KHV sites, 35 PLZ in the municipality"
16251,München,unresolved,,,,"ambiguous: 78 KHV sites, 35 PLZ in the municipality"
16252,München,unresolved,,,,"ambiguous: 78 KHV sites, 35 PLZ in the municipality"
16259,München,unresolved,,,,"ambiguous: 78 KHV sites, 35 PLZ in the municipality"
16261,München,unresolved,,,,"ambiguous: 78 KHV sites, 35 PLZ in the municipality"
16264,München,unresolved,,,,"ambiguous: 78 KHV sites, 35 PLZ in the municipality"
16268,München,unresolved,,,,"ambiguous: 78 KHV sites, 35 PLZ in the municipality"
16290,München,unresolved,,,,"ambiguous: 78 KHV sites, 35 PLZ in the municipality"
16291,München,unresolved,,,,"ambiguous: 78 KHV sites, 35 PLZ in the municipality"
16307,Rosenheim,unresolved,,,,"ambiguous: 6 KHV sites, 3 PLZ in the municipality"
17706,Erding,unresolved,,,,"ambiguous: 3 KHV sites, 2 PLZ in the municipality"
17772,München-Flughafen,unresolved,,,,no KHV site in the municipality 09177133
18302,Haag in OB,unresolved,,,,no KHV site in the municipality 09183119
26108,Landshut,unresolved,,,,"ambiguous: 4 KHV sites, 2 PLZ in the municipality"
26205,Passau,unresolved,,,,"ambiguous: 5 KHV sites, 2 PLZ in the municipality"
56413,Nürnberg,unresolved,,,,"ambiguous: 17 KHV sites, 13 PLZ in the municipality"
57707,Treuchtlingen,unresolved,,,,no KHV site in the municipality 09577173
66204,Schweinfurt,unresolved,,,,"ambiguous: 4 KHV sites, 2 PLZ in the municipality"
66205,Schweinfurt,unresolved,,,,"ambiguous: 4 KHV sites, 2 PLZ in the municipality"
66310,Würzburg,unresolved,,,,"ambiguous: 9 KHV sites, 4 PLZ in the municipality"
66312,Würzburg,unresolved,,,,"ambiguous: 9 KHV sites, 4 PLZ in the municipality"
76107,Augsburg,unresolved,,,,"ambiguous: 12 KHV sites, 8 PLZ in the municipality"
