clinic_id,name,town,plz,operator,landkreis,regierungsbezirk,status,versorgungsstufe,traegerart,beds,day_places,fachrichtungen,parse_quality,source,website,careers_url,ats_type
RH1847,Rehaklinik FRISIA Munkert GmbH,Bad Tölz,83646,Rehaklinik FRISIA Munkert GmbH,Bad Tölz-Wolfratshausen,Oberbayern,Reha-Einrichtung,,privat,127,,Sonstige Fachabteilung,ok,"RHV 2024 (Verzeichnis der Vorsorge- oder Rehabilitationseinrichtungen, Statistische Aemter des Bundes und der Laender, Stand 31.12.2024)",https://www.frisia-toelz.de,,
RH1885,Sanatorium Sedlmayr GmbH,Bad Tölz,83646,Sanatorium Sedlmayr GmbH,Bad Tölz-Wolfratshausen,Oberbayern,Reha-Einrichtung,,privat,28,,Keine Zuordnung zu spezifischem Fachgebiet,ok,"RHV 2024 (Verzeichnis der Vorsorge- oder Rehabilitationseinrichtungen, Statistische Aemter des Bundes und der Laender, Stand 31.12.2024)",,,
RH1449,Fachklinik Gaißach Zentrum für chron. Erkrankungen Kinder-Jugendliche-Eltern,Gaißach,83674,Deutsche Rentenversicherung Bayern Süd,Bad Tölz-Wolfratshausen,Oberbayern,Reha-Einrichtung,,oeffentlich,159,,Pädiatrie,ok,"RHV 2024 (Verzeichnis der Vorsorge- oder Rehabilitationseinrichtungen, Statistische Aemter des Bundes und der Laender, Stand 31.12.2024)",https://www.fachklinik-gaissach.de,,
RH2255,"Klinik Bad Reichenhall Zentrum für Rehabilitation, Pneumologie und Orthopädie",Bad Reichenhall,83435,Deutsche Rentenversicherung Bayern Süd,Berchtesgadener Land,Oberbayern,Reha-Einrichtung,,oeffentlich,269,,"Lungen- und Bronchialheilkunde, Orthopädie",ok,"RHV 2024 (Verzeichnis der Vorsorge- oder Rehabilitationseinrichtungen, Statistische Aemter des Bundes und der Laender, Stand 31.12.2024)",https://www.klinik-bad-reichenhall.de,,
RH2357,Rehaklinik Prinzregent Luitpold Bad Reichenhall GmbH,Bad Reichenhall,83435,Rehaklinik Prinzregent Luitpold Bad Reichenhall GmbH,Berchtesgadener Land,Oberbayern,Reha-Einrichtung,,privat,115,,"Pneumologie, Psychosomatik/Psychotherapie",ok,"RHV 2024 (Verzeichnis der Vorsorge- oder Rehabilitationseinrichtungen, Statistische Aemter des Bundes und der Laender, Stand 31.12.2024)",https://www.pl-klinik.de,,
RH1395,BG Klinik für Berufskrankheiten Bad Reichenhall gGmbH,Bad Reichenhall,83435,BG Klinik für Berufskrankheiten Bad Reichenhall gGmbH,Berchtesgadener Land,Oberbayern,Reha-Einrichtung,,oeffentlich,180,,"Innere Medizin, Allgemeine Psychiatrie, Dermatologie",ok,"RHV 2024 (Verzeichnis der Vorsorge- oder Rehabilitationseinrichtungen, Statistische Aemter des Bundes und der Laender, Stand 31.12.2024)",https://www.bg-kliniken.de/bad-reichenhall,,
RH1638,Klinik Alpenland GmbH & Co. KG,Bad Reichenhall,83435,Klinik Alpenland GmbH & Co. KG,Berchtesgadener Land,Oberbayern,Reha-Einrichtung,,privat,134,,"Hämatologie und internistische Onkologie, Psychosomatik/Psychotherapie",ok,"RHV 2024 (Verzeichnis der Vorsorge- oder Rehabilitationseinrichtungen, Statistische Aemter des Bundes und der Laender, Stand 31.12.2024)",https://www.klinik-alpenland.de,,
RH2930,Reha-Zentrum Bayerisch Gmain Klinik Hochstaufen,Bayerisch Gmain,83457,Deutsche Rentenversicherung Bund,Berchtesgadener Land,Oberbayern,Reha-Einrichtung,,oeffentlich,225,,"Kardiologie, Gastroenterologie",ok,"RHV 2024 (Verzeichnis der Vorsorge- oder Rehabilitationseinrichtungen, Statistische Aemter des Bundes und der Laender, Stand 31.12.2024)",https://www.reha-klinik-hochstaufen.de,,
RH2287,Klinik Schönsicht Rehabilitation für Kinder und Jugendliche Kind-Mutter-Heilbehandlung,Berchtesgaden,83471,Klinik Schönsicht GmbH,Berchtesgadener Land,Oberbayern,Reha-Einrichtung,,privat,88,,"Pädiatrie, Kinder- und Jugendpsychiatrie",ok,"RHV 2024 (Verzeichnis der Vorsorge- oder Rehabilitationseinrichtungen, Statistische Aemter des Bundes und der Laender, Stand 31.12.2024)",https://www.klinikschoensicht.de,,
RH1200,"Klinik Hochried Zentrum für Kinder, Jugendliche und Familien",Murnau,82418,Katholische Jugendfürsorge der Diözese Augsburg e.V.,Garmisch-Partenkirchen,Oberbayern,Reha-Einrichtung,,freigemeinnuetzig,180,,Pädiatrie,ok,"RHV 2024 (Verzeichnis der Vorsorge- oder Rehabilitationseinrichtungen, Statistische Aemter des Bundes und der Laender, Stand 31.12.2024)",https://www.klinikhochried.de,,
RH1051,Der Jägerwinkel Privatklinik GmbH,Bad Wiessee,83707,Der Jägerwinkel Privatklinik GmbH,Miesbach,Oberbayern,Reha-Einrichtung,,privat,72,,"Innere Medizin, Kardiologie, Orthopädie, Psychosomatik/Psychotherapie",ok,"RHV 2024 (Verzeichnis der Vorsorge- oder Rehabilitationseinrichtungen, Statistische Aemter des Bundes und der Laender, Stand 31.12.2024)",https://www.jaegerwinkel.de,,
RH2705,Medical Park Bad Wiessee GmbH & Co. KG Privatklinik für Orthopädie,Bad Wiessee,83707,Medical Park Bad Wiessee GmbH & Co. KG,Miesbach,Oberbayern,Reha-Einrichtung,,privat,84,,Orthopädie,ok,"RHV 2024 (Verzeichnis der Vorsorge- oder Rehabilitationseinrichtungen, Statistische Aemter des Bundes und der Laender, Stand 31.12.2024)",https://www.kirschbaumprivat.medicalpark.de,,
RH2886,KIRINUS Alpenpark Klinik GmbH,Bad Wiessee,83707,KIRINUS Alpenpark Klinik GmbH,Miesbach,Oberbayern,Reha-Einrichtung,,privat,102,,"Kardiologie, Gastroenterologie, Orthopädie",ok,"RHV 2024 (Verzeichnis der Vorsorge- oder Rehabilitationseinrichtungen, Statistische Aemter des Bundes und der Laender, Stand 31.12.2024)",https://www.kirinus.de/alpenpark-klinik,,
RH2843,Orthopädische Klinik Tegernsee Schwerpunktklinik für Orthopädie,Tegernsee,83684,Deutsche Rentenversicherung Bayern Süd,Miesbach,Oberbayern,Reha-Einrichtung,,oeffentlich,166,,Orthopädie,ok,"RHV 2024 (Verzeichnis der Vorsorge- oder Rehabilitationseinrichtungen, Statistische Aemter des Bundes und der Laender, Stand 31.12.2024)",https://www.ok-tegernsee.de,,
RH1576,Deutsche Rentenversicherung Bund Reha-Zentrum Bad Aibling Klinik Wendelstein und Rheumaklinik,Bad Aibling,83043,Deutsche Rentenversicherung Bund,Rosenheim,Oberbayern,Reha-Einrichtung,,oeffentlich,398,,Rheumatologie,ok,"RHV 2024 (Verzeichnis der Vorsorge- oder Rehabilitationseinrichtungen, Statistische Aemter des Bundes und der Laender, Stand 31.12.2024)",https://www.reha-klinik-wendelstein.de,,
RH2743,Medical Park Bad Feilnbach Betriebs GmbH & Co. KG Blumenhof,Bad Feilnbach,83075,Medical Park Bad Feilnbach Betriebs GmbH & Co. KG,Rosenheim,Oberbayern,Reha-Einrichtung,,privat,187,,"Innere Medizin, Geriatrie",ok,"RHV 2024 (Verzeichnis der Vorsorge- oder Rehabilitationseinrichtungen, Statistische Aemter des Bundes und der Laender, Stand 31.12.2024)",https://www.blumenhof.medicalpark.de,,
RH2014,Medical Park Prien Kronprinz Betriebs GmbH & Co.KG,Prien am Chiemsee,83209,Medical Park Prien Kronprinz Betriebs GmbH & Co.KG,Rosenheim,Oberbayern,Reha-Einrichtung,,privat,204,,Orthopädie,ok,"RHV 2024 (Verzeichnis der Vorsorge- oder Rehabilitationseinrichtungen, Statistische Aemter des Bundes und der Laender, Stand 31.12.2024)",https://www.kronprinz.medicalpark.de,,
RH2813,Chiemgau-Klinik Deutsche Rentenversicherung Knappschaft-Bahn-See,Marquartstein,83250,Deutsche Rentenversicherung Knappschaft-Bahn-See,Traunstein,Oberbayern,Reha-Einrichtung,,oeffentlich,179,,"Orthopädie, Psychosomatik/Psychotherapie",ok,"RHV 2024 (Verzeichnis der Vorsorge- oder Rehabilitationseinrichtungen, Statistische Aemter des Bundes und der Laender, Stand 31.12.2024)",https://www.chiemgau-klinik.de,,
RH2229,Deutsche Rentenversicherung Bayern Süd Klinik Höhenried gGmbH,Bernried/Obb.,82347,Klinik Höhenried gGmbH der DRV Bayern Süd,Weilheim-Schongau,Oberbayern,Reha-Einrichtung,,oeffentlich,524,,"Kardiologie, Orthopädie, Psychosomatik/Psychotherapie",ok,"RHV 2024 (Verzeichnis der Vorsorge- oder Rehabilitationseinrichtungen, Statistische Aemter des Bundes und der Laender, Stand 31.12.2024)",https://www.hoehenried.de,,
RH1123,Lauterbacher Mühle Klinik GmbH & Co. KG,Seeshaupt,82402,Lauterbacher Mühle Klinik GmbH & Co. KG,Weilheim-Schongau,Oberbayern,Reha-Einrichtung,,privat,84,,"Innere Medizin, Psychosomatik/Psychotherapie",ok,"RHV 2024 (Verzeichnis der Vorsorge- oder Rehabilitationseinrichtungen, Statistische Aemter des Bundes und der Laender, Stand 31.12.2024)",https://www.lauterbacher-muehle.de,,
RH1591,Kurhotel Zink,Bad Füssing,94072,Kurhotel Zink e.K.,Passau,Niederbayern,Reha-Einrichtung,,privat,70,,Keine Zuordnung zu spezifischem Fachgebiet,ok,"RHV 2024 (Verzeichnis der Vorsorge- oder Rehabilitationseinrichtungen, Statistische Aemter des Bundes und der Laender, Stand 31.12.2024)",https://www.kurhotel-zink.de,,
RH1739,Klinik Prof. Schedel GmbH,Thyrnau,94136,Klinik Prof. Schedel GmbH,Passau,Niederbayern,Reha-Einrichtung,,privat,205,,"Hämatologie und internistische Onkologie, Psychosomatik/Psychotherapie",ok,"RHV 2024 (Verzeichnis der Vorsorge- oder Rehabilitationseinrichtungen, Statistische Aemter des Bundes und der Laender, Stand 31.12.2024)",https://www.klinik-prof-schedel.de,,
RH1044,Caritas Fachklinik Haselbach,Haselbach,94354,Caritasverband für die Diözese Regensburg e.V.,Straubing-Bogen,Niederbayern,Reha-Einrichtung,,freigemeinnuetzig,38,,Entwöhnungsbehandlungen,ok,"RHV 2024 (Verzeichnis der Vorsorge- oder Rehabilitationseinrichtungen, Statistische Aemter des Bundes und der Laender, Stand 31.12.2024)",https://www.fachklinik-haselbach.de,,
RH2304,Bayerwald-Klinik GmbH & Co. KG,Cham,93413,Bayerwald-Klinik GmbH & Co. KG,Cham,Oberpfalz,Reha-Einrichtung,,privat,130,,Kardiologie,ok,"RHV 2024 (Verzeichnis der Vorsorge- oder Rehabilitationseinrichtungen, Statistische Aemter des Bundes und der Laender, Stand 31.12.2024)",https://www.bayerwaldklinik.de,,
RH1090,Höhenklinik der Deutschen Rentenversicherung Nordbayern,Bischofsgrün,95493,Deutsche Rentenversicherung Nordbayern,Bayreuth,Oberfranken,Reha-Einrichtung,,oeffentlich,200,,"Kardiologie, Psychosomatik/Psychotherapie",ok,"RHV 2024 (Verzeichnis der Vorsorge- oder Rehabilitationseinrichtungen, Statistische Aemter des Bundes und der Laender, Stand 31.12.2024)",https://www.hoehenklinik-bischofsgruen.de,,
RH1652,Klinik Frankenwarte,Bad Steben,95138,Deutsche Rentenversicherung Nordbayern,Hof,Oberfranken,Reha-Einrichtung,,oeffentlich,166,,"Kardiologie, Orthopädie",ok,"RHV 2024 (Verzeichnis der Vorsorge- oder Rehabilitationseinrichtungen, Statistische Aemter des Bundes und der Laender, Stand 31.12.2024)",https://www.klinikfrankenwarte.de,,
RH2161,Deutsche Rentenversicherung Bund Rehabilitationszentrum Bad Steben Klinik Auental und Klinik Franken,Bad Steben,95138,Deutsche Rentenversicherung Bund,Hof,Oberfranken,Reha-Einrichtung,,oeffentlich,360,,Orthopädie,ok,"RHV 2024 (Verzeichnis der Vorsorge- oder Rehabilitationseinrichtungen, Statistische Aemter des Bundes und der Laender, Stand 31.12.2024)",https://www.rehazentrum-badsteben.de,,
RH1605,Rehaklinik am Park GmbH,Bad Steben,95138,Klinik am Park Bad Steben GmbH,Hof,Oberfranken,Reha-Einrichtung,,privat,125,,Psychosomatik/Psychotherapie,ok,"RHV 2024 (Verzeichnis der Vorsorge- oder Rehabilitationseinrichtungen, Statistische Aemter des Bundes und der Laender, Stand 31.12.2024)",,,
RH2871,Fachklinik Haus Immanuel für suchtkranke Frauen,Thurnau,95349,Deutscher Gemeinschafts-Diakonieverband GmbH,Kulmbach,Oberfranken,Reha-Einrichtung,,freigemeinnuetzig,60,,Entwöhnungsbehandlungen,ok,"RHV 2024 (Verzeichnis der Vorsorge- oder Rehabilitationseinrichtungen, Statistische Aemter des Bundes und der Laender, Stand 31.12.2024)",https://www.haus-immanuel.de,,
RH2031,Rehabilitationsklinik Lautergrund der Deutschen Rentenversicherung Berlin-Brandenburg Schwabthal,Bad Staffelstein,96231,Deutsche Rentenversicherung Berlin-Brandenburg,Lichtenfels,Oberfranken,Reha-Einrichtung,,oeffentlich,180,,Orthopädie,ok,"RHV 2024 (Verzeichnis der Vorsorge- oder Rehabilitationseinrichtungen, Statistische Aemter des Bundes und der Laender, Stand 31.12.2024)",https://www.rehaklinik-lautergrund.de,,
RH1838,Fachklinik Weihersmühle für junge Suchtkranke,Großhabersdorf,90613,Deutscher Orden Deutsche Provinz der Brüder vom Deutschen Haus St. Mariens in Jerusalem KdöR,Fürth,Mittelfranken,Reha-Einrichtung,,freigemeinnuetzig,65,,Entwöhnungsbehandlungen,ok,"RHV 2024 (Verzeichnis der Vorsorge- oder Rehabilitationseinrichtungen, Statistische Aemter des Bundes und der Laender, Stand 31.12.2024)",https://www.suchthilfe-nuernberg.de,,
RH2294,Frankenland-Klinik,Bad Windsheim,91438,Deutsche Rentenversicherung Nordbayern,Neustadt a.d.Aisch-Bad Windsheim,Mittelfranken,Reha-Einrichtung,,oeffentlich,187,,"Endokrinologie, Orthopädie, Dermatologie",ok,"RHV 2024 (Verzeichnis der Vorsorge- oder Rehabilitationseinrichtungen, Statistische Aemter des Bundes und der Laender, Stand 31.12.2024)",https://www.frankenland-klinik.de,,
RH1594,Dr. Becker Kiliani-Klinik,Bad Windsheim,91438,Dr. Becker Klinikgesellschaft mbH & Co. KG,Neustadt a.d.Aisch-Bad Windsheim,Mittelfranken,Reha-Einrichtung,,privat,250,,"Orthopädie, Neurologie",ok,"RHV 2024 (Verzeichnis der Vorsorge- oder Rehabilitationseinrichtungen, Statistische Aemter des Bundes und der Laender, Stand 31.12.2024)",https://www.dbkg.de,,
RH2921,Altmühlseeklinik Hensoltshöhe der Stiftung Hensoltshöhe gGmbH,Gunzenhausen,91710,Stiftung Hensoltshöhe gGmbH,Weißenburg-Gunzenhausen,Mittelfranken,Reha-Einrichtung,,freigemeinnuetzig,143,,"Orthopädie, Psychosomatik/Psychotherapie",ok,"RHV 2024 (Verzeichnis der Vorsorge- oder Rehabilitationseinrichtungen, Statistische Aemter des Bundes und der Laender, Stand 31.12.2024)",https://www.altmuehlseeklinik.de,,
RH2190,HESCURO KLINIKEN Bad Bocklet,Bad Bocklet,97708,Kliniken Bad Bocklet AG,Bad Kissingen,Unterfranken,Reha-Einrichtung,,privat,435,,"Innere Medizin, Geriatrie, Urologie, Orthopädie, Psychosomatik/Psychotherapie",ok,"RHV 2024 (Verzeichnis der Vorsorge- oder Rehabilitationseinrichtungen, Statistische Aemter des Bundes und der Laender, Stand 31.12.2024)",https://www.hescuro.de/bad-bocklet/,,
RH1498,Deutsche Rentenversicherung Bund Reha-Zentrum Bad Brückenau Klinik Hartwald,Bad Brückenau,97769,Deutsche Rentenversicherung Bund,Bad Kissingen,Unterfranken,Reha-Einrichtung,,oeffentlich,228,,"Gastroenterologie, Psychosomatik/Psychotherapie",ok,"RHV 2024 (Verzeichnis der Vorsorge- oder Rehabilitationseinrichtungen, Statistische Aemter des Bundes und der Laender, Stand 31.12.2024)",,,
RH2278,Sinntalklinik Bad Brückenau Fachklinik für medizinische Rehabilitation der Deutschen Rentenversicherung Nordbayern,Bad Brückenau,97769,Deutsche Rentenversicherung Nordbayern,Bad Kissingen,Unterfranken,Reha-Einrichtung,,oeffentlich,130,,"Hämatologie und internistische Onkologie, Urologie",ok,"RHV 2024 (Verzeichnis der Vorsorge- oder Rehabilitationseinrichtungen, Statistische Aemter des Bundes und der Laender, Stand 31.12.2024)",https://www.sinntalklinik.de,,
RH2610,Malteser Klinik Dr. v. Weckbecker gGmbH,Bad Brückenau,97769,Malteser Klinik Dr. v. Weckbecker gGmbH,Bad Kissingen,Unterfranken,Reha-Einrichtung,,freigemeinnuetzig,100,,Sonstige Fachabteilung,ok,"RHV 2024 (Verzeichnis der Vorsorge- oder Rehabilitationseinrichtungen, Statistische Aemter des Bundes und der Laender, Stand 31.12.2024)",https://www.weckbecker.de,,
RH2954,Reha-Zentrum Bad Kissingen Klinik Rhön der Deutschen Rentenversicherung Bund,Bad Kissingen,97688,Deutsche Rentenversicherung Bund,Bad Kissingen,Unterfranken,Reha-Einrichtung,,oeffentlich,160,,Psychosomatik/Psychotherapie,ok,"RHV 2024 (Verzeichnis der Vorsorge- oder Rehabilitationseinrichtungen, Statistische Aemter des Bundes und der Laender, Stand 31.12.2024)",https://www.reha-klinik-rhoen.de,,
RH1901,Reha-Zentrum Bad Kissingen Klinik Saale der Deutschen Rentenversicherung Bund,Bad Kissingen,97688,Deutsche Rentenversicherung Bund,Bad Kissingen,Unterfranken,Reha-Einrichtung,,oeffentlich,190,,"Innere Medizin, Psychosomatik/Psychotherapie",ok,"RHV 2024 (Verzeichnis der Vorsorge- oder Rehabilitationseinrichtungen, Statistische Aemter des Bundes und der Laender, Stand 31.12.2024)",https://www.reha-klinik-saale.de,,
RH1070,Marbachtalklinik Bad Kissingen,Bad Kissingen,97688,Deutsche Rentenversicherung Oldenburg-Bremen,Bad Kissingen,Unterfranken,Reha-Einrichtung,,oeffentlich,158,,Psychosomatik/Psychotherapie,ok,"RHV 2024 (Verzeichnis der Vorsorge- oder Rehabilitationseinrichtungen, Statistische Aemter des Bundes und der Laender, Stand 31.12.2024)",https://www.marbachtalklinik.de,,
RH2467,Rehaklinik Am Kurpark,Bad Kissingen,97688,Reha Zentren der Deutschen Rentenversicherung Baden Württemberg gGmbH,Bad Kissingen,Unterfranken,Reha-Einrichtung,,oeffentlich,183,,"Hämatologie und internistische Onkologie, Orthopädie",ok,"RHV 2024 (Verzeichnis der Vorsorge- oder Rehabilitationseinrichtungen, Statistische Aemter des Bundes und der Laender, Stand 31.12.2024)",https://www.rehaklinik-am-kurpark.de,,
RH1775,Frankenklinik Deutsche Rentenversicherung Nordbayern,Bad Kissingen,97688,Deutsche Rentenversicherung Nordbayern,Bad Kissingen,Unterfranken,Reha-Einrichtung,,oeffentlich,145,,"Kardiologie, Orthopädie",ok,"RHV 2024 (Verzeichnis der Vorsorge- oder Rehabilitationseinrichtungen, Statistische Aemter des Bundes und der Laender, Stand 31.12.2024)",https://www.frankenklinik.de,,
RH2868,"Heiligenfeld Kliniken Rehabilitation für psychische und psychosomatische, orthopädische, internistische und onkologische Erkrankungen",Bad Kissingen,97688,Heiligenfeld Kliniken GmbH,Bad Kissingen,Unterfranken,Reha-Einrichtung,,privat,260,,"Innere Medizin, Hämatologie und internistische Onkologie, Orthopädie, Psychosomatik/Psychotherapie",ok,"RHV 2024 (Verzeichnis der Vorsorge- oder Rehabilitationseinrichtungen, Statistische Aemter des Bundes und der Laender, Stand 31.12.2024)",https://www.heiligenfeld.de,,
RH1895,Deegenbergklinik für Innere Krankheiten AHB- und Reha-Klinik,Bad Kissingen,97688,AHB- und Rehaklinik Familienkommanditgesellschaft Deeg GmbH & Co.,Bad Kissingen,Unterfranken,Reha-Einrichtung,,privat,212,,"Kardiologie, Orthopädie",ok,"RHV 2024 (Verzeichnis der Vorsorge- oder Rehabilitationseinrichtungen, Statistische Aemter des Bundes und der Laender, Stand 31.12.2024)",https://www.deegenberg.de,,
RH1996,Klinik Bavaria,Bad Kissingen,97688,Klinik Bavaria GmbH & Co. KG,Bad Kissingen,Unterfranken,Reha-Einrichtung,,privat,300,,"Geriatrie, Orthopädie, Neurologie",ok,"RHV 2024 (Verzeichnis der Vorsorge- oder Rehabilitationseinrichtungen, Statistische Aemter des Bundes und der Laender, Stand 31.12.2024)",https://www.klinik-bavaria.com,,
RH2739,Sanatorium Uibeleisen GmbH & Co. KG,Bad Kissingen,97688,Sanatorium Uibeleisen GmbH & Co. KG,Bad Kissingen,Unterfranken,Reha-Einrichtung,,privat,46,,Innere Medizin,ok,"RHV 2024 (Verzeichnis der Vorsorge- oder Rehabilitationseinrichtungen, Statistische Aemter des Bundes und der Laender, Stand 31.12.2024)",https://www.uibeleisen.com,,
RH2833,Sanatorium Werlich-Barié,Bad Kissingen,97688,Hotel und Sanatorium Werlich Barié KG,Bad Kissingen,Unterfranken,Reha-Einrichtung,,privat,14,,Sonstige Fachabteilung,ok,"RHV 2024 (Verzeichnis der Vorsorge- oder Rehabilitationseinrichtungen, Statistische Aemter des Bundes und der Laender, Stand 31.12.2024)",https://www.westpark-hotel.de,,
RH1672,Prävention und Rehabilitation Heilbad Krumbad,Krumbach,86381,Heilbad Krumbad GmbH,Günzburg,Schwaben,Reha-Einrichtung,,privat,60,,Orthopädie,ok,"RHV 2024 (Verzeichnis der Vorsorge- oder Rehabilitationseinrichtungen, Statistische Aemter des Bundes und der Laender, Stand 31.12.2024)",https://www.krumbad.de,,
RH1627,AWO-Fachklinik Schönau,Grünenbach,88167,Arbeiterwohlfahrt Bezirksverband Schwaben e.V.,Lindau (Bodensee),Schwaben,Reha-Einrichtung,,freigemeinnuetzig,33,,Entwöhnungsbehandlungen,ok,"RHV 2024 (Verzeichnis der Vorsorge- oder Rehabilitationseinrichtungen, Statistische Aemter des Bundes und der Laender, Stand 31.12.2024)",https://www.fachklinik-schoenau.de,,
RH2069,Klinik Lindenberg-Ried Fachklinik für Psychosomatik und Orthopädie,Lindenberg,88161,Deutsche Rentenversicherung Schwaben,Lindau (Bodensee),Schwaben,Reha-Einrichtung,,oeffentlich,145,,"Orthopädie, Psychosomatik/Psychotherapie",ok,"RHV 2024 (Verzeichnis der Vorsorge- oder Rehabilitationseinrichtungen, Statistische Aemter des Bundes und der Laender, Stand 31.12.2024)",https://www.klinik-lindenberg-ried.de,,
RH2661,Fachklinik Prinzregent Luitpold,Scheidegg,88175,Katholische Jugendfürsorge der Diözese Augsburg e.V.,Lindau (Bodensee),Schwaben,Reha-Einrichtung,,freigemeinnuetzig,235,,Pädiatrie,ok,"RHV 2024 (Verzeichnis der Vorsorge- oder Rehabilitationseinrichtungen, Statistische Aemter des Bundes und der Laender, Stand 31.12.2024)",https://www.klinikprinzregentluitpold.de,,
RH1530,Paracelsus Klinik Scheidegg,Scheidegg,88175,Paracelsus-Kliniken Deutschland GmbH & Co. KGaA,Lindau (Bodensee),Schwaben,Reha-Einrichtung,,privat,212,,Hämatologie und internistische Onkologie,ok,"RHV 2024 (Verzeichnis der Vorsorge- oder Rehabilitationseinrichtungen, Statistische Aemter des Bundes und der Laender, Stand 31.12.2024)",https://www.paracelsus-kliniken.de/scheidegg,,
RH2399,Hochgebirgsklinik für Physikalische Medizin und Rehabilitation für Kinder und Jugendliche,Oy-Mittelberg,87466,Alois Wagner-Stiftung Mittelberg,Oberallgäu,Schwaben,Reha-Einrichtung,,freigemeinnuetzig,150,,"Pädiatrie, Psychosomatik/Psychotherapie",ok,"RHV 2024 (Verzeichnis der Vorsorge- oder Rehabilitationseinrichtungen, Statistische Aemter des Bundes und der Laender, Stand 31.12.2024)",https://www.hochgebirgs-klinik.de,,
RH2376,Alpenklinik Santa Maria für Kinder und Jugendliche Oberjoch,Bad Hindelang,87541,Katholische Jugendfürsorge der Diözese Augsburg e.V.,Oberallgäu,Schwaben,Reha-Einrichtung,,freigemeinnuetzig,180,,Pädiatrie,ok,"RHV 2024 (Verzeichnis der Vorsorge- oder Rehabilitationseinrichtungen, Statistische Aemter des Bundes und der Laender, Stand 31.12.2024)",https://www.santa-maria.de,,
RH2243,Fachklinik für Orthopädie und Rheumatologie,Oberstdorf,87561,Deutsche Rentenversicherung Schwaben,Oberallgäu,Schwaben,Reha-Einrichtung,,oeffentlich,165,,Orthopädie,ok,"RHV 2024 (Verzeichnis der Vorsorge- oder Rehabilitationseinrichtungen, Statistische Aemter des Bundes und der Laender, Stand 31.12.2024)",https://www.fachklinik-oberstdorf.de,,
RH2643,Kurklinik Allgäuer Bergbad,Oberstdorf,87561,Karl Wessel Kurklinik Allgäuer Bergbad GmbH & Co. KG,Oberallgäu,Schwaben,Reha-Einrichtung,,privat,79,,Sonstige Fachabteilung,ok,"RHV 2024 (Verzeichnis der Vorsorge- oder Rehabilitationseinrichtungen, Statistische Aemter des Bundes und der Laender, Stand 31.12.2024)",https://www.allgaeuer-bergbad.de,,
RH1835,Karl-Arnold Schüle KG,Oberstdorf,87561,Karl-Arnold Schüle KG,Oberallgäu,Schwaben,Reha-Einrichtung,,privat,30,,Innere Medizin,ok,"RHV 2024 (Verzeichnis der Vorsorge- oder Rehabilitationseinrichtungen, Statistische Aemter des Bundes und der Laender, Stand 31.12.2024)",https://www.schueles.com,,
RH2986,Rehaklinik Buching Psychosomatische Fachklinik,Halblech,87642,Kur+Reha GmbH des Paritätischen Wohlfahrtsverbandes Landesverband Baden-Württemberg,Ostallgäu,Schwaben,Reha-Einrichtung,,freigemeinnuetzig,116,,Psychosomatik/Psychotherapie,ok,"RHV 2024 (Verzeichnis der Vorsorge- oder Rehabilitationseinrichtungen, Statistische Aemter des Bundes und der Laender, Stand 31.12.2024)",,,
RH2567,Kurklinik Schwangau,Schwangau,87645,Josef und Luise Helmer GmbH & Co. KG,Ostallgäu,Schwaben,Reha-Einrichtung,,privat,30,,"Innere Medizin, Orthopädie",ok,"RHV 2024 (Verzeichnis der Vorsorge- oder Rehabilitationseinrichtungen, Statistische Aemter des Bundes und der Laender, Stand 31.12.2024)",https://www.kurklinik-schwangau.de,,
RH1330,Klinik Bad Wörishofen Fachklinik für Herzkreislauf-Erkrankungen und Orthopädie,Bad Wörishofen,86825,Deutsche Rentenversicherung Schwaben,Unterallgäu,Schwaben,Reha-Einrichtung,,oeffentlich,170,,"Kardiologie, Orthopädie",ok,"RHV 2024 (Verzeichnis der Vorsorge- oder Rehabilitationseinrichtungen, Statistische Aemter des Bundes und der Laender, Stand 31.12.2024)",https://www.klinik-badwoerishofen.de,,
RH1900,Angerer Schmidtchen Kneipp Sanatorium Bad Clevers Klinik f. Naturheilverfahren e.K.,Bad Grönenbach,87730,Angerer Schmidtchen Kneipp Sanatorium Bad Clevers Klinik f. Naturheilverfahren e.K.,Unterallgäu,Schwaben,Reha-Einrichtung,,privat,60,,Keine Zuordnung zu spezifischem Fachgebiet,ok,"RHV 2024 (Verzeichnis der Vorsorge- oder Rehabilitationseinrichtungen, Statistische Aemter des Bundes und der Laender, Stand 31.12.2024)",https://www.badclevers.de,,
RH1501,Waldburg-Zeil Kliniken GmbH Klinik Niederbayern I,Bad Füssing,94072,Waldburg-Zeil Kliniken GmbH & Co. Bad Füssing KG,Passau,Niederbayern,Reha-Einrichtung,,privat,220,,Orthopädie,ok,"RHV 2024 (Verzeichnis der Vorsorge- oder Rehabilitationseinrichtungen, Statistische Aemter des Bundes und der Laender, Stand 31.12.2024)",https://www.klinik-niederbayern.de,,
RH2655,MEDIAN Buchberg Klinik,Bad Tölz,83646,MEDIAN Buchberg Klinik GmbH & Co. KG,Bad Tölz-Wolfratshausen,Oberbayern,Reha-Einrichtung,,privat,301,,"Kardiologie, Orthopädie, Neurologie",ok,"RHV 2024 (Verzeichnis der Vorsorge- oder Rehabilitationseinrichtungen, Statistische Aemter des Bundes und der Laender, Stand 31.12.2024)",https://www.median-kliniken.de/de/median-buchberg-klinik-bad-toelz/,,
RH1742,Fachklinik Schlehreut gGmbH,Wegscheid,94110,Fachklinik Schlehreut Rehabilitationseinrichtung für suchtkranke Frauen und deren Kinder gGmbH,Passau,Niederbayern,Reha-Einrichtung,,freigemeinnuetzig,42,,Entwöhnungsbehandlungen,ok,"RHV 2024 (Verzeichnis der Vorsorge- oder Rehabilitationseinrichtungen, Statistische Aemter des Bundes und der Laender, Stand 31.12.2024)",https://www.fachklinik-schlehreut.de,,
RH1828,Sanatorium Am Birkenhang,Fischen,87538,Hotel Sonnenbichl GmbH & Co. KG,Oberallgäu,Schwaben,Reha-Einrichtung,,privat,18,,Sonstige Fachabteilung,ok,"RHV 2024 (Verzeichnis der Vorsorge- oder Rehabilitationseinrichtungen, Statistische Aemter des Bundes und der Laender, Stand 31.12.2024)",https://www.hotel-sonnenbichl.com,,
RH2766,Deutsche Rentenversicherung Ohlstadtklinik,Ohlstadt,82441,Deutsche Rentenversicherung Nordbayern,Garmisch-Partenkirchen,Oberbayern,Reha-Einrichtung,,oeffentlich,152,,Orthopädie,ok,"RHV 2024 (Verzeichnis der Vorsorge- oder Rehabilitationseinrichtungen, Statistische Aemter des Bundes und der Laender, Stand 31.12.2024)",https://www.ohlstadtklinik.de,,
RH2192,Kurklinik Eggensberger OHG Physio- & amb. Therapiezentrum Hopfen am See,Füssen-Hopfen am See,87629,EGGENSBERGER OHG,Ostallgäu,Schwaben,Reha-Einrichtung,,privat,60,,Orthopädie,ok,"RHV 2024 (Verzeichnis der Vorsorge- oder Rehabilitationseinrichtungen, Statistische Aemter des Bundes und der Laender, Stand 31.12.2024)",https://www.reha-hopfen.de,,
RH1728,AWO-Fachklinik Legau,Legau,87764,Arbeiterwohlfahrt Bezirksverband Schwaben e.V.,Unterallgäu,Schwaben,Reha-Einrichtung,,freigemeinnuetzig,30,,Entwöhnungsbehandlungen,ok,"RHV 2024 (Verzeichnis der Vorsorge- oder Rehabilitationseinrichtungen, Statistische Aemter des Bundes und der Laender, Stand 31.12.2024)",https://www.fachklinik-legau.de,,
RH2908,Hephata Fachklinik Weibersbrunn,Weibersbrunn,63879,Hephata Hessisches Diakoniezentrum e.V.,Aschaffenburg,Unterfranken,Reha-Einrichtung,,freigemeinnuetzig,60,,Entwöhnungsbehandlungen,ok,"RHV 2024 (Verzeichnis der Vorsorge- oder Rehabilitationseinrichtungen, Statistische Aemter des Bundes und der Laender, Stand 31.12.2024)",https://www.fachklinik-weibersbrunn.de,,
RH1503,Medical Park Loipl GmbH & Co. KG,Bischofswiesen,83483,Medical Park Loipl GmbH & Co. KG,Berchtesgadener Land,Oberbayern,Reha-Einrichtung,,privat,151,,Neurologie,ok,"RHV 2024 (Verzeichnis der Vorsorge- oder Rehabilitationseinrichtungen, Statistische Aemter des Bundes und der Laender, Stand 31.12.2024)",https://www.loipl.medicalpark.de,,
RH2099,KWA Klinik Stift Rottal Klinik für neurologische und geriatrische Rehabilitation,Bad Griesbach-Zentrum,94086,KWA Kuratorium Wohnen im Alter gAG,Passau,Niederbayern,Reha-Einrichtung,,freigemeinnuetzig,150,,"Geriatrie, Urologie, Neurologie",ok,"RHV 2024 (Verzeichnis der Vorsorge- oder Rehabilitationseinrichtungen, Statistische Aemter des Bundes und der Laender, Stand 31.12.2024)",https://www.kwa-rehaklinik.de,,
RH2025,Johannesbad Klinik Furth im Wald GmbH & Co. KG Therapiez. f. Abhängigkeitserkr. und Psychosom.,Furth im Wald,93437,Johannesbad Klinik Fachklinik Furth im Wald GmbH & Co. KG,Cham,Oberpfalz,Reha-Einrichtung,,privat,200,,Entwöhnungsbehandlungen,ok,"RHV 2024 (Verzeichnis der Vorsorge- oder Rehabilitationseinrichtungen, Statistische Aemter des Bundes und der Laender, Stand 31.12.2024)",https://www.johannesbad-medizin.com,,
RH2374,Medical Park Chiemsee GmbH & Co. KG,Bernau a. Chiemsee,83233,Medical Park Chiemsee GmbH & Co. KG,Rosenheim,Oberbayern,Reha-Einrichtung,,privat,245,,Orthopädie,ok,"RHV 2024 (Verzeichnis der Vorsorge- oder Rehabilitationseinrichtungen, Statistische Aemter des Bundes und der Laender, Stand 31.12.2024)",https://www.chiemsee.medicalpark.de,,
RH1785,Kurhotel Mürz GmbH & Co. KG,Bad Füssing,94072,Kurhotel Mürz GmbH & Co. KG,Passau,Niederbayern,Reha-Einrichtung,,privat,45,,Sonstige Fachabteilung,ok,"RHV 2024 (Verzeichnis der Vorsorge- oder Rehabilitationseinrichtungen, Statistische Aemter des Bundes und der Laender, Stand 31.12.2024)",https://www.muerz.de,,
RH2129,"Saaletalklinik, Klinik Neumühle, Adaption",Bad Neustadt a. d. Saale,97616,Haus Saaletal GmbH,Rhön-Grabfeld,Unterfranken,Reha-Einrichtung,,privat,242,,Entwöhnungsbehandlungen,ok,"RHV 2024 (Verzeichnis der Vorsorge- oder Rehabilitationseinrichtungen, Statistische Aemter des Bundes und der Laender, Stand 31.12.2024)",https://saaletal.campus-nes.de,,
RH2648,VAMED Rehaklinik Bad Grönenbach,Bad Grönenbach,87730,VAMED Rehaklinik Bad Grönenbach GmbH,Unterallgäu,Schwaben,Reha-Einrichtung,,privat,277,,"Kardiologie, Orthopädie, Hals-, Nasen-, Ohrenheilkunde, Psychosomatik/Psychotherapie",ok,"RHV 2024 (Verzeichnis der Vorsorge- oder Rehabilitationseinrichtungen, Statistische Aemter des Bundes und der Laender, Stand 31.12.2024)",https://www.vamed-gesundheit.de,,
RH1854,Fachklinik Hirtenstein,Bolsterlang,87538,Deutscher Orden Deutsche Provinz der Brüder vom Deutschen Haus St. Mariens in Jerusalem KdöR,Oberallgäu,Schwaben,Reha-Einrichtung,,freigemeinnuetzig,74,,Entwöhnungsbehandlungen,ok,"RHV 2024 (Verzeichnis der Vorsorge- oder Rehabilitationseinrichtungen, Statistische Aemter des Bundes und der Laender, Stand 31.12.2024)",https://www.suchthilfe-allgaeu.de,,
RH2617,Medical Park Bad Feilnbach Betriebs GmbH & Co. KG Reithofpark,Bad Feilnbach,83075,Reithofpark-Klinik GmbH & Co. KG,Rosenheim,Oberbayern,Reha-Einrichtung,,privat,248,,"Orthopädie, Neurologie",ok,"RHV 2024 (Verzeichnis der Vorsorge- oder Rehabilitationseinrichtungen, Statistische Aemter des Bundes und der Laender, Stand 31.12.2024)",https://www.reithofpark.medicalpark.de,,
RH2095,Kurhotel Josef Holzapfel GmbH „Zum Thermalbad“,Bad Füssing,94072,Kurhotel Josef Holzapfel GmbH „Zum Thermalbad“,Passau,Niederbayern,Reha-Einrichtung,,privat,80,,Sonstige Fachabteilung,ok,"RHV 2024 (Verzeichnis der Vorsorge- oder Rehabilitationseinrichtungen, Statistische Aemter des Bundes und der Laender, Stand 31.12.2024)",https://www.hotel-holzapfel.de,,
RH1448,Klinik Hohes Licht gemeinnützige GmbH Prävention und Rehabilitation für Frauen,Oberstdorf,87561,Klinik Hohes Licht gemeinnützige GmbH im FrauenWerk Stein,Oberallgäu,Schwaben,Reha-Einrichtung,,freigemeinnuetzig,51,,Sonstige Fachabteilung,ok,"RHV 2024 (Verzeichnis der Vorsorge- oder Rehabilitationseinrichtungen, Statistische Aemter des Bundes und der Laender, Stand 31.12.2024)",https://www.klinik-hoheslicht-oberstdorf.de,,
RH1887,Oberberg Fachklinik Scheidegg im Allgäu,Scheidegg,88175,Oberberg Klinik Scheidegg GmbH,Lindau (Bodensee),Schwaben,Reha-Einrichtung,,privat,55,,Psychosomatik/Psychotherapie,ok,"RHV 2024 (Verzeichnis der Vorsorge- oder Rehabilitationseinrichtungen, Statistische Aemter des Bundes und der Laender, Stand 31.12.2024)",https://www.oberbergkliniken.de,,
RH1970,PARITÄTISCHE Haus am Kurpark gGmbH,Bad Königshofen,97631,PARITÄTISCHE Haus am Kurpark gGmbH,Rhön-Grabfeld,Unterfranken,Reha-Einrichtung,,freigemeinnuetzig,100,,Sonstige Fachabteilung,ok,"RHV 2024 (Verzeichnis der Vorsorge- oder Rehabilitationseinrichtungen, Statistische Aemter des Bundes und der Laender, Stand 31.12.2024)",https://www.hausamkurpark.de,,
RH2991,Kursanatorium Landhaus König GmbH,Grünenbach,88167,Kursanatorium Landhaus König GmbH,Lindau (Bodensee),Schwaben,Reha-Einrichtung,,privat,32,,Keine Zuordnung zu spezifischem Fachgebiet,ok,"RHV 2024 (Verzeichnis der Vorsorge- oder Rehabilitationseinrichtungen, Statistische Aemter des Bundes und der Laender, Stand 31.12.2024)",https://www.mayr-kur.de,,
RH1334,Kurhaus Ihlingshof Oberreute/Allgäu,Oberreute/Allgäu,88179,Reinhold Schwärzler,Lindau (Bodensee),Schwaben,Reha-Einrichtung,,privat,3,,Sonstige Fachabteilung,ok,"RHV 2024 (Verzeichnis der Vorsorge- oder Rehabilitationseinrichtungen, Statistische Aemter des Bundes und der Laender, Stand 31.12.2024)",https://www.ihlingshof.com,,
RH2980,m&i-Fachklinik Bad Heilbrunn Medizinische Rehabilitation,Bad Heilbrunn,83670,m&i-Klinikbetriebsgesellschaft GmbH,Bad Tölz-Wolfratshausen,Oberbayern,Reha-Einrichtung,,privat,360,,"Kardiologie, Nephrologie, Orthopädie, Neurologie",ok,"RHV 2024 (Verzeichnis der Vorsorge- oder Rehabilitationseinrichtungen, Statistische Aemter des Bundes und der Laender, Stand 31.12.2024)",https://www.fachklinik-bad-heilbrunn.de,,
RH2079,Asklepios Klinik Schaufling GmbH,Schaufling,94571,Asklepios Klinik Schaufling GmbH,Deggendorf,Niederbayern,Reha-Einrichtung,,privat,350,,"Kardiologie, Orthopädie, Neurologie",ok,"RHV 2024 (Verzeichnis der Vorsorge- oder Rehabilitationseinrichtungen, Statistische Aemter des Bundes und der Laender, Stand 31.12.2024)",https://www.asklepios.com/schaufling,,
RH2733,Passauer Wolf Bad Gögging GmbH & Co. KG - Rehabilitation,Neustadt a. d. Donau,93333,Passauer Wolf Bad Gögging GmbH & Co. KG,Kelheim,Niederbayern,Reha-Einrichtung,,privat,477,,"Geriatrie, Orthopädie, Hals-, Nasen-, Ohrenheilkunde, Neurologie",ok,"RHV 2024 (Verzeichnis der Vorsorge- oder Rehabilitationseinrichtungen, Statistische Aemter des Bundes und der Laender, Stand 31.12.2024)",https://www.reha-zentrum-bad-goegging.de,,
RH1270,Kurhotel SONNENHOF GmbH & Co. Betriebs KG,Bad Füssing,94072,Kurhotel SONNENHOF GmbH & Co. Betriebs KG,Passau,Niederbayern,Reha-Einrichtung,,privat,10,,Keine Zuordnung zu spezifischem Fachgebiet,ok,"RHV 2024 (Verzeichnis der Vorsorge- oder Rehabilitationseinrichtungen, Statistische Aemter des Bundes und der Laender, Stand 31.12.2024)",https://www.thermenhotel-sonnenhof.de,,
RH1206,Kurhotel Wiedemann KG,Füssen,87629,Kurhotel Wiedemann KG,Ostallgäu,Schwaben,Reha-Einrichtung,,privat,30,,Med. berufliche Rehabilitation,ok,"RHV 2024 (Verzeichnis der Vorsorge- oder Rehabilitationseinrichtungen, Statistische Aemter des Bundes und der Laender, Stand 31.12.2024)",,,
RH1435,Medical Park Bad Wiessee GmbH & Co. KG St. Hubertus,Bad Wiessee,83707,Medical Park Bad Wiessee GmbH & Co. KG,Miesbach,Oberbayern,Reha-Einrichtung,,privat,432,,"Kardiologie, Orthopädie",ok,"RHV 2024 (Verzeichnis der Vorsorge- oder Rehabilitationseinrichtungen, Statistische Aemter des Bundes und der Laender, Stand 31.12.2024)",https://www.sthubertus.medicalpark.de,,
RH2547,"MediClin Reha-Zentrum Roter Hügel Fachklinik für Neurologie, Orthopädie und Geriatrie",Bayreuth,95445,MediClin GmbH & Co. KG,Bayreuth,Oberfranken,Reha-Einrichtung,,privat,284,,"Geriatrie, Orthopädie, Neurologie",ok,"RHV 2024 (Verzeichnis der Vorsorge- oder Rehabilitationseinrichtungen, Statistische Aemter des Bundes und der Laender, Stand 31.12.2024)",https://www.reha-zentrum-roter-huegel.de,,
RH2000,Klinik Wartenberg Professor Dr. Selmair GmbH und Co. KG,Wartenberg,85456,Klinik Wartenberg Professor Dr. Selmair GmbH und Co. KG,Erding,Oberbayern,Reha-Einrichtung,,privat,149,,"Geriatrie, Sonstige Fachabteilung",ok,"RHV 2024 (Verzeichnis der Vorsorge- oder Rehabilitationseinrichtungen, Statistische Aemter des Bundes und der Laender, Stand 31.12.2024)",https://www.klinik-wartenberg.de,,
RH1600,Waldburg-Zeil Kliniken GmbH & Co. Rheumaklinik KG – Rehabilitation,Oberammergau,82487,Waldburg-Zeil Kliniken GmbH & Co. Rheuma-Klinik KG,Garmisch-Partenkirchen,Oberbayern,Reha-Einrichtung,,privat,205,,"Geriatrie, Rheumatologie, Orthopädie",ok,"RHV 2024 (Verzeichnis der Vorsorge- oder Rehabilitationseinrichtungen, Statistische Aemter des Bundes und der Laender, Stand 31.12.2024)",https://www.klinik-oberammergau.de,,
RH1386,Simssee Klinik GmbH,Bad Endorf,83093,Simssee Klinik GmbH,Rosenheim,Oberbayern,Reha-Einrichtung,,privat,248,,"Geriatrie, Orthopädie",ok,"RHV 2024 (Verzeichnis der Vorsorge- oder Rehabilitationseinrichtungen, Statistische Aemter des Bundes und der Laender, Stand 31.12.2024)",https://www.simssee-klinik.de,,
RH2091,Klinik St. Irmingard GmbH – Rehabilitation,Prien am Chiemsee,83209,Klinik St. Irmingard GmbH,Rosenheim,Oberbayern,Reha-Einrichtung,,privat,160,,"Kardiologie, Hämatologie und internistische Onkologie",ok,"RHV 2024 (Verzeichnis der Vorsorge- oder Rehabilitationseinrichtungen, Statistische Aemter des Bundes und der Laender, Stand 31.12.2024)",https://www.st-irmingard.de,,
RH2143,Bezirksklinikum Mainkofen neurologische Frührehabilitation,Deggendorf,94469,Bezirk Niederbayern,Deggendorf,Niederbayern,Reha-Einrichtung,,oeffentlich,13,,Allgemeine Psychiatrie,ok,"RHV 2024 (Verzeichnis der Vorsorge- oder Rehabilitationseinrichtungen, Statistische Aemter des Bundes und der Laender, Stand 31.12.2024)",https://www.mainkofen.de,,
RH2772,Asklepios Klinikum Bad Abbach Orthopädische und Rheumatologische Rehabilitation,Bad Abbach,93077,Asklepios Klinikum Bad Abbach GmbH,Kelheim,Niederbayern,Reha-Einrichtung,,privat,268,,"Rheumatologie, Orthopädie",ok,"RHV 2024 (Verzeichnis der Vorsorge- oder Rehabilitationseinrichtungen, Statistische Aemter des Bundes und der Laender, Stand 31.12.2024)",https://www.asklepios.com/badabbach,,
RH1564,Johannesbad Reha-Klinik Bad Füssing,Bad Füssing,94072,Johannesbad Reha-Kliniken AG & Co. KG,Passau,Niederbayern,Reha-Einrichtung,,privat,485,,"Orthopädie, Psychosomatik/Psychotherapie",ok,"RHV 2024 (Verzeichnis der Vorsorge- oder Rehabilitationseinrichtungen, Statistische Aemter des Bundes und der Laender, Stand 31.12.2024)",https://www.johannesbad.com,,
RH1791,Klinik Herzoghöhe Bayreuth Rehabilitation,Bayreuth,95445,Deutsche Rentenversicherung Nordbayern,Bayreuth,Oberfranken,Reha-Einrichtung,,oeffentlich,210,,"Hämatologie und internistische Onkologie, Orthopädie",ok,"RHV 2024 (Verzeichnis der Vorsorge- oder Rehabilitationseinrichtungen, Statistische Aemter des Bundes und der Laender, Stand 31.12.2024)",https://www.klinik-herzoghoehe.de,,
RH1741,Bezirksklinik Hochstadt Rehabilitation,Hochstadt am Main,96272,Kommunalunternehmen Gesundheitseinrichtungen des Bezirks Oberfranken AöR,Lichtenfels,Oberfranken,Reha-Einrichtung,,oeffentlich,85,,Entwöhnungsbehandlungen,ok,"RHV 2024 (Verzeichnis der Vorsorge- oder Rehabilitationseinrichtungen, Statistische Aemter des Bundes und der Laender, Stand 31.12.2024)",https://www.gebo-med.de,,
RH2318,Rangauklinik Ansbach GmbH Rehabilitationsklinik für Pneumologie und Onkologie,Ansbach,91522,Diakoneo Rangauklinik Ansbach GmbH,Ansbach,Mittelfranken,Reha-Einrichtung,,freigemeinnuetzig,74,,Lungen- und Bronchialheilkunde,ok,"RHV 2024 (Verzeichnis der Vorsorge- oder Rehabilitationseinrichtungen, Statistische Aemter des Bundes und der Laender, Stand 31.12.2024)",https://www.rangauklinik.de,,
RH1522,Thoraxzentrum Bezirk Unterfranken Rehabilitation,Münnerstadt,97702,Bezirk Unterfranken,Bad Kissingen,Unterfranken,Reha-Einrichtung,,oeffentlich,20,,Lungen- und Bronchialheilkunde,ok,"RHV 2024 (Verzeichnis der Vorsorge- oder Rehabilitationseinrichtungen, Statistische Aemter des Bundes und der Laender, Stand 31.12.2024)",https://www.tzbu.de,,
RH1585,Orthopädische Rehabilitationsklinik der Hessing Stiftung,Augsburg,86199,Hofrat Friedrich Hessing’sche orthopädische Heilanstalt in Göggingen-Augsburg,Augsburg,Schwaben,Reha-Einrichtung,,freigemeinnuetzig,60,,Orthopädie,ok,"RHV 2024 (Verzeichnis der Vorsorge- oder Rehabilitationseinrichtungen, Statistische Aemter des Bundes und der Laender, Stand 31.12.2024)",https://www.hessing-kliniken.de,,
RH1255,m&i-Fachklinik Enzensberg Hopfen am See Medizinische Rehabilitation,Füssen,87629,m&i-Klinikbetriebsgesellschaft GmbH,Ostallgäu,Schwaben,Reha-Einrichtung,,privat,322,,"Geriatrie, Orthopädie, Neurologie, Psychosomatik/Psychotherapie",ok,"RHV 2024 (Verzeichnis der Vorsorge- oder Rehabilitationseinrichtungen, Statistische Aemter des Bundes und der Laender, Stand 31.12.2024)",https://www.fachklinik-enzensberg.de,,
RH2314,Rehaklinik St. Vinzenz Pfronten im Allgäu GmbH,Pfronten,87459,Rehaklinik St. Vinzenz Pfronten im Allgäu GmbH,Ostallgäu,Schwaben,Reha-Einrichtung,,privat,60,,"Geriatrie, Sonstige Fachabteilung",ok,"RHV 2024 (Verzeichnis der Vorsorge- oder Rehabilitationseinrichtungen, Statistische Aemter des Bundes und der Laender, Stand 31.12.2024)",,,
RH1087,Sanatorium 'Residenz im Kurpark',Bad Bayersoien,82435,PH Hotelbetriebsgesellschaft mbH,Garmisch-Partenkirchen,Oberbayern,Reha-Einrichtung,,privat,53,,Orthopädie,ok,"RHV 2024 (Verzeichnis der Vorsorge- oder Rehabilitationseinrichtungen, Statistische Aemter des Bundes und der Laender, Stand 31.12.2024)",,,
RH2593,Silberberg Klinik Bodenmais GmbH,Bodenmais,94249,Silberberg Klinik Bodenmais GmbH,Regen,Niederbayern,Reha-Einrichtung,,privat,150,,"Innere Medizin, Pneumologie, Psychosomatik/Psychotherapie",ok,"RHV 2024 (Verzeichnis der Vorsorge- oder Rehabilitationseinrichtungen, Statistische Aemter des Bundes und der Laender, Stand 31.12.2024)",https://www.silberberg-klinik.de,,
RH2272,Bezirksklinikum Ansbach Rehabilitation für Suchtkranke,Ansbach,91522,Bezirkskliniken Mittelfranken,Ansbach,Mittelfranken,Reha-Einrichtung,,oeffentlich,20,,Entwöhnungsbehandlungen,ok,"RHV 2024 (Verzeichnis der Vorsorge- oder Rehabilitationseinrichtungen, Statistische Aemter des Bundes und der Laender, Stand 31.12.2024)",https://www.bezirkskliniken-mfr.de,,
RH2511,Bezirksklinikum Wöllershof Rehabilitation Entwöhnungsbehandlung,Störnstein,92721,Medizinische Einrichtungen des Bezirks Oberpfalz - KU (AöR),Neustadt a.d.Waldnaab,Oberpfalz,Reha-Einrichtung,,oeffentlich,32,,Allgemeine Psychiatrie,ok,"RHV 2024 (Verzeichnis der Vorsorge- oder Rehabilitationseinrichtungen, Statistische Aemter des Bundes und der Laender, Stand 31.12.2024)",https://www.medbo.de,,
RH1699,Lympho-Opt GmbH,Pommelsbrunn,91224,Lympho-Opt GmbH,Nürnberger Land,Mittelfranken,Reha-Einrichtung,,privat,40,,Keine Zuordnung zu spezifischem Fachgebiet,ok,"RHV 2024 (Verzeichnis der Vorsorge- oder Rehabilitationseinrichtungen, Statistische Aemter des Bundes und der Laender, Stand 31.12.2024)",https://www.lympho-opt.de,,
RH1841,Klinik Bad Trissl GmbH Rehabilitation,Oberaudorf,83080,Klinik Bad Trissl GmbH,Rosenheim,Oberbayern,Reha-Einrichtung,,privat,95,,Hämatologie und internistische Onkologie,ok,"RHV 2024 (Verzeichnis der Vorsorge- oder Rehabilitationseinrichtungen, Statistische Aemter des Bundes und der Laender, Stand 31.12.2024)",https://www.klinik-bad-trissl.de,,
RH1684,Therapiezentrum Burgau Rehabilitation,Burgau,89331,Gemeinnützige Gesellschaft zur neurologischen Rehabilitation nach erworbenen cerebralen Schäden mbH,Günzburg,Schwaben,Reha-Einrichtung,,oeffentlich,25,,Neurologie,ok,"RHV 2024 (Verzeichnis der Vorsorge- oder Rehabilitationseinrichtungen, Statistische Aemter des Bundes und der Laender, Stand 31.12.2024)",https://www.therapiezentrum-burgau.de,,
RH1279,Bezirksklinikum Regensburg Klinik für neurologische Rehabilitation,Regensburg,93053,Medizinische Einrichtungen des Bezirks Oberpfalz - KU (AöR),Regensburg,Oberpfalz,Reha-Einrichtung,,oeffentlich,33,,"Neurologie, Allgemeine Psychiatrie",ok,"RHV 2024 (Verzeichnis der Vorsorge- oder Rehabilitationseinrichtungen, Statistische Aemter des Bundes und der Laender, Stand 31.12.2024)",https://www.medbo.de,,
RH1802,Klinik Maximilian GmbH & Co. KG,Scheidegg,88175,Klinik Maximilian GmbH & Co. KG,Lindau (Bodensee),Schwaben,Reha-Einrichtung,,privat,350,,Keine Zuordnung zu spezifischem Fachgebiet,ok,"RHV 2024 (Verzeichnis der Vorsorge- oder Rehabilitationseinrichtungen, Statistische Aemter des Bundes und der Laender, Stand 31.12.2024)",https://www.klinik-maximilian.de,,
RH2404,m&i-Klinikgesellschaft in Ichenhausen GmbH,Ichenhausen,89335,m&i-Klinikgesellschaft in Ichenhausen GmbH,Günzburg,Schwaben,Reha-Einrichtung,,privat,280,,"Geriatrie, Orthopädie, Neurologie",ok,"RHV 2024 (Verzeichnis der Vorsorge- oder Rehabilitationseinrichtungen, Statistische Aemter des Bundes und der Laender, Stand 31.12.2024)",https://www.fachklinik-ichenhausen.de,,
RH1777,Rehabilitationszentrum Klinik Rosenhof GmbH & Co. Betriebs KG,Bad Birnbach,84364,Rehabilitationszentrum Klinik Rosenhof GmbH & Co. Betriebs KG,Rottal-Inn,Niederbayern,Reha-Einrichtung,,privat,269,,Orthopädie,ok,"RHV 2024 (Verzeichnis der Vorsorge- oder Rehabilitationseinrichtungen, Statistische Aemter des Bundes und der Laender, Stand 31.12.2024)",https://www.klinik-rosenhof.eu,,
RH2891,Schön Klinik Bad Aibling SE & Co. KG – Rehabilitation,Bad Aibling,83043,Schön Klinik Bad Aibling SE & Co. KG,Rosenheim,Oberbayern,Reha-Einrichtung,,privat,136,,Neurologie,ok,"RHV 2024 (Verzeichnis der Vorsorge- oder Rehabilitationseinrichtungen, Statistische Aemter des Bundes und der Laender, Stand 31.12.2024)",https://www.schoen-klinik.de/bad-aibling-harthausen,,
RH1171,Johannesbad Lechbruck Betriebs GmbH,Lechbruck am See,86983,Johannesbad Lechbruck Betriebs GmbH,Ostallgäu,Schwaben,Reha-Einrichtung,,privat,191,,Sonstige Fachabteilung,ok,"RHV 2024 (Verzeichnis der Vorsorge- oder Rehabilitationseinrichtungen, Statistische Aemter des Bundes und der Laender, Stand 31.12.2024)",https://www.johannesbad-medizin.com,,
RH2748,Reha-Klinik Allgäu gGmbH,Sonthofen,87527,Reha-Klinik Allgäu gGmbH,Oberallgäu,Schwaben,Reha-Einrichtung,,oeffentlich,114,,"Geriatrie, Orthopädie, Neurologie",ok,"RHV 2024 (Verzeichnis der Vorsorge- oder Rehabilitationseinrichtungen, Statistische Aemter des Bundes und der Laender, Stand 31.12.2024)",https://www.geriatrie-sonthofen.de,,
RH2747,Gesundheitszentrum Oberammergau GmbH,Oberammergau,82487,Gesundheitszentrum Oberammergau GmbH,Garmisch-Partenkirchen,Oberbayern,Reha-Einrichtung,,privat,147,,"Kardiologie, Pneumologie, Orthopädie",ok,"RHV 2024 (Verzeichnis der Vorsorge- oder Rehabilitationseinrichtungen, Statistische Aemter des Bundes und der Laender, Stand 31.12.2024)",https://www.gesundheitszentrum-oberammergau.com,,
RH2386,Rehafachzentrum Bad Füssing – Passau,Bad Füssing,94072,Deutsche Rentenversicherung Bayern Süd,Passau,Niederbayern,Reha-Einrichtung,,oeffentlich,370,,"Hämatologie und internistische Onkologie, Gastroenterologie, Orthopädie",ok,"RHV 2024 (Verzeichnis der Vorsorge- oder Rehabilitationseinrichtungen, Statistische Aemter des Bundes und der Laender, Stand 31.12.2024)",https://www.rehafachzentrum.de,,
RH1740,VAMED Klinik Kipfenberg GmbH – Rehabilitation,Kipfenberg,85110,VAMED Klinik Kipfenberg GmbH,Eichstätt,Oberbayern,Reha-Einrichtung,,privat,86,,Neurologie,ok,"RHV 2024 (Verzeichnis der Vorsorge- oder Rehabilitationseinrichtungen, Statistische Aemter des Bundes und der Laender, Stand 31.12.2024)",https://www.vamed-gesundheit.de,,
RH1364,Schlossreha Rottenburg Fachklinik Geriatrische Reha u. Orthopädische Reha,Rottenburg,84056,Landshuter Kommunalunternehmen für medizinische Versorgung AöR,Landshut,Niederbayern,Reha-Einrichtung,,oeffentlich,69,,"Geriatrie, Orthopädie",ok,"RHV 2024 (Verzeichnis der Vorsorge- oder Rehabilitationseinrichtungen, Statistische Aemter des Bundes und der Laender, Stand 31.12.2024)",https://www.lakumed.de,,
RH1590,Schön Klinik Vogtareuth SE & Co. KG – Rehabilitation,Vogtareuth,83569,Schön Klinik Vogtareuth SE & Co. KG,Rosenheim,Oberbayern,Reha-Einrichtung,,privat,100,,"Pädiatrie, Orthopädie, Neurologie",ok,"RHV 2024 (Verzeichnis der Vorsorge- oder Rehabilitationseinrichtungen, Statistische Aemter des Bundes und der Laender, Stand 31.12.2024)",,,
RH2250,VAMED Rehaklinik Berching Fachklinik für geriatrische Rehabilitation,Berching,92334,VAMED Rehaklinik Berching GmbH,Neumarkt i.d.OPf.,Oberpfalz,Reha-Einrichtung,,privat,77,,Geriatrie,ok,"RHV 2024 (Verzeichnis der Vorsorge- oder Rehabilitationseinrichtungen, Statistische Aemter des Bundes und der Laender, Stand 31.12.2024)",https://www.vamed-gesundheit.de,,
RH1833,Sanatorium Allgäuer Rosenalp,Oberstaufen,87534,Allgäuer Rosenalp GmbH & Co. KG,Oberallgäu,Schwaben,Reha-Einrichtung,,privat,25,,Sonstige Fachabteilung,ok,"RHV 2024 (Verzeichnis der Vorsorge- oder Rehabilitationseinrichtungen, Statistische Aemter des Bundes und der Laender, Stand 31.12.2024)",https://www.rosenalp.de,,
RH2595,Kliniken Nordoberpfalz AG Steinwald-Klinik Erbendorf Fachklinik für geriatrische Rehab.,Erbendorf,92681,Kliniken Nordoberpfalz AG,Tirschenreuth,Oberpfalz,Reha-Einrichtung,,oeffentlich,80,,Geriatrie,ok,"RHV 2024 (Verzeichnis der Vorsorge- oder Rehabilitationseinrichtungen, Statistische Aemter des Bundes und der Laender, Stand 31.12.2024)",https://www.kliniken-nordoberpfalz.ag,,
RH1534,Fachklinik König-Ludwig,Schwangau,87645,Lingenfelder GmbH + Co. OHG,Ostallgäu,Schwaben,Reha-Einrichtung,,privat,179,,Orthopädie,ok,"RHV 2024 (Verzeichnis der Vorsorge- oder Rehabilitationseinrichtungen, Statistische Aemter des Bundes und der Laender, Stand 31.12.2024)",https://www.fachklinik-koenig-ludwig.de,,
RH2720,Klinikum am Europakanal Neurologische Rehabilitation,Erlangen,91056,Bezirkskliniken Mittelfranken,Erlangen,Mittelfranken,Reha-Einrichtung,,oeffentlich,40,,Neurologie,ok,"RHV 2024 (Verzeichnis der Vorsorge- oder Rehabilitationseinrichtungen, Statistische Aemter des Bundes und der Laender, Stand 31.12.2024)",https://www.klinikum-am-europakanal.de,,
RH1981,Kliniken des Landkreises Neustadt a. d. Aisch-Bad Windsheim – Geriatrische Rehabilitation,Bad Windsheim,91438,KU Kliniken des Landkreises Neustadt a.d.Aisch-Bad Windsheim AöR,Neustadt a.d.Aisch-Bad Windsheim,Mittelfranken,Reha-Einrichtung,,oeffentlich,28,,Geriatrie,ok,"RHV 2024 (Verzeichnis der Vorsorge- oder Rehabilitationseinrichtungen, Statistische Aemter des Bundes und der Laender, Stand 31.12.2024)",https://www.kliniken-nea.de,,
RH1111,Geriatrische Rehabilitationsklinik,Würzburg,97074,Arbeiterwohlfahrt Bezirksverband Unterfranken e.V.,Würzburg,Unterfranken,Reha-Einrichtung,,freigemeinnuetzig,90,,"Geriatrie, Orthopädie",ok,"RHV 2024 (Verzeichnis der Vorsorge- oder Rehabilitationseinrichtungen, Statistische Aemter des Bundes und der Laender, Stand 31.12.2024)",https://www.geriatriewuerzburg.de,,
RH2920,Geriatrische Rehabilitation,Nürnberg,90491,Martha-Maria Krankenhaus gemeinnützige GmbH,Nürnberg,Mittelfranken,Reha-Einrichtung,,freigemeinnuetzig,20,,Geriatrie,ok,"RHV 2024 (Verzeichnis der Vorsorge- oder Rehabilitationseinrichtungen, Statistische Aemter des Bundes und der Laender, Stand 31.12.2024)",https://www.martha-maria.de,,
RH2116,Schön Klinik Bad Staffelstein SE & Co. KG – Rehabilitation,Bad Staffelstein,96231,Schön Klinik Bad Staffelstein SE & Co. KG,Lichtenfels,Oberfranken,Reha-Einrichtung,,privat,151,,"Orthopädie, Neurologie",ok,"RHV 2024 (Verzeichnis der Vorsorge- oder Rehabilitationseinrichtungen, Statistische Aemter des Bundes und der Laender, Stand 31.12.2024)",,,
RH2842,Helios Klinik Erlenbach Geriatrische Rehabilitation,Erlenbach am Main,63906,Kliniken Miltenberg-Erlenbach GmbH,Miltenberg,Unterfranken,Reha-Einrichtung,,privat,32,,Geriatrie,ok,"RHV 2024 (Verzeichnis der Vorsorge- oder Rehabilitationseinrichtungen, Statistische Aemter des Bundes und der Laender, Stand 31.12.2024)",https://www.helios-kliniken.de,,
RH1630,St. Theresien-Krankenhaus Nürnberg Gemeinnützige GmbH,Nürnberg,90491,St. Theresien Krankenhaus gGmbH,Nürnberg,Mittelfranken,Reha-Einrichtung,,freigemeinnuetzig,25,,Geriatrie,ok,"RHV 2024 (Verzeichnis der Vorsorge- oder Rehabilitationseinrichtungen, Statistische Aemter des Bundes und der Laender, Stand 31.12.2024)",https://www.theresien-krankenhaus.de,,
RH2496,Klinikum Fürth Geriatrische Rehabilitation,Fürth,90766,Klinikum Fürth AdöR der Stadt Fürth,Fürth,Mittelfranken,Reha-Einrichtung,,oeffentlich,36,,Geriatrie,ok,"RHV 2024 (Verzeichnis der Vorsorge- oder Rehabilitationseinrichtungen, Statistische Aemter des Bundes und der Laender, Stand 31.12.2024)",https://www.klinikum-fuerth.de,,
RH1968,Schön Klinik Berchtesgadener Land SE & Co. KG – Rehabilitation,Schönau am Königssee,83471,Schön Klinik Berchtesgadener Land SE & Co. KG,Berchtesgadener Land,Oberbayern,Reha-Einrichtung,,privat,112,,Innere Medizin,ok,"RHV 2024 (Verzeichnis der Vorsorge- oder Rehabilitationseinrichtungen, Statistische Aemter des Bundes und der Laender, Stand 31.12.2024)",https://www.schoen-klinik.de/berchtesgadener-land,,
RH1481,Benedictus Krankenhaus Feldafing GmbH & Co. KG,Feldafing,82340,Benedictus Krankenhaus Feldafing GmbH & Co. KG,Starnberg,Oberbayern,Reha-Einrichtung,,privat,105,,"Geriatrie, Orthopädie, Neurologie",ok,"RHV 2024 (Verzeichnis der Vorsorge- oder Rehabilitationseinrichtungen, Statistische Aemter des Bundes und der Laender, Stand 31.12.2024)",https://www.klinik-feldafing.de,,
RH1104,Sanatorium Fontenay,Bad Wörishofen,86825,Holzbock GmbH,Unterallgäu,Schwaben,Reha-Einrichtung,,privat,30,,Keine Zuordnung zu spezifischem Fachgebiet,ok,"RHV 2024 (Verzeichnis der Vorsorge- oder Rehabilitationseinrichtungen, Statistische Aemter des Bundes und der Laender, Stand 31.12.2024)",https://www.kurhotel-fontenay.de,,
RH2395,Klinik Alpenhof,Chieming,83339,Klinik Alpenhof GmbH & Co. Betriebs KG,Traunstein,Oberbayern,Reha-Einrichtung,,privat,240,,Keine Zuordnung zu spezifischem Fachgebiet,ok,"RHV 2024 (Verzeichnis der Vorsorge- oder Rehabilitationseinrichtungen, Statistische Aemter des Bundes und der Laender, Stand 31.12.2024)",https://www.klinik-alpenhof.de,,
RH2408,Geriatrische Rehabilitation am Krankenhaus Schongau,Schongau,86956,Krankenhaus GmbH Landkreis Weilheim-Schongau,Weilheim-Schongau,Oberbayern,Reha-Einrichtung,,oeffentlich,30,,Geriatrie,ok,"RHV 2024 (Verzeichnis der Vorsorge- oder Rehabilitationseinrichtungen, Statistische Aemter des Bundes und der Laender, Stand 31.12.2024)",https://www.meinkrankenhaus2030.de,,
RH2794,Passauer Wolf Reha-Zentrum Nittenau Neurologie-Onkologie-Geriatrie-Urologie,Nittenau,93149,Reha-Zentrum Nittenau GmbH,Schwandorf,Oberpfalz,Reha-Einrichtung,,privat,154,,"Geriatrie, Hämatologie und internistische Onkologie, Urologie, Neurologie",ok,"RHV 2024 (Verzeichnis der Vorsorge- oder Rehabilitationseinrichtungen, Statistische Aemter des Bundes und der Laender, Stand 31.12.2024)",https://www.reha-zentrum-nittenau.de,,
RH2910,Klinikum Forchheim - Fränkische Schweiz gGmbH Fachkrankenhaus für Geriatrische Rehabilitation,Ebermannstadt,91320,Klinikum Forchheim - Fränkische Schweiz gGmbH,Forchheim,Oberfranken,Reha-Einrichtung,,oeffentlich,60,,Geriatrie,ok,"RHV 2024 (Verzeichnis der Vorsorge- oder Rehabilitationseinrichtungen, Statistische Aemter des Bundes und der Laender, Stand 31.12.2024)",https://www.klinik-fraenkische-schweiz.de,,
RH2421,St. Johannes-Klinik Geriatrische Rehabilitation,Auerbach,91275,Kommunalunternehmen Krankenhäuser des Landkreises Amberg-Sulzbach,Amberg-Sulzbach,Oberpfalz,Reha-Einrichtung,,oeffentlich,53,,Geriatrie,ok,"RHV 2024 (Verzeichnis der Vorsorge- oder Rehabilitationseinrichtungen, Statistische Aemter des Bundes und der Laender, Stand 31.12.2024)",https://www.kh-as.de,,
RH1891,Physio Klinik im Aitrachtal GmbH,Mengkofen,84152,Physio Klinikum Aitrachtal GmbH,Dingolfing-Landau,Niederbayern,Reha-Einrichtung,,privat,80,,Orthopädie,ok,"RHV 2024 (Verzeichnis der Vorsorge- oder Rehabilitationseinrichtungen, Statistische Aemter des Bundes und der Laender, Stand 31.12.2024)",https://www.physioklinik.de,,
RH1138,Reha-Klinik Am Kurpark GmbH & Co. KG,Grafenau,94481,Reha-Klinik Am Kurpark GmbH & Co. KG,Freyung-Grafenau,Niederbayern,Reha-Einrichtung,,privat,272,,Sonstige Fachabteilung,ok,"RHV 2024 (Verzeichnis der Vorsorge- oder Rehabilitationseinrichtungen, Statistische Aemter des Bundes und der Laender, Stand 31.12.2024)",https://www.klinik-kurpark.de,,
RH1480,MEDIAN Frankenparkklinik GmbH & Co. KG,Bad Kissingen,97688,MEDIAN Frankenpark Klinik GmbH & Co. KG,Bad Kissingen,Unterfranken,Reha-Einrichtung,,privat,183,,"Geriatrie, Orthopädie",ok,"RHV 2024 (Verzeichnis der Vorsorge- oder Rehabilitationseinrichtungen, Statistische Aemter des Bundes und der Laender, Stand 31.12.2024)",https://www.median-kliniken.de,,
RH1842,Malteser Waldkrankenhaus Erlangen gGmbH,Erlangen,91054,Malteser Waldkrankenhaus Erlangen gGmbH,Erlangen,Mittelfranken,Reha-Einrichtung,,freigemeinnuetzig,26,,Geriatrie,ok,"RHV 2024 (Verzeichnis der Vorsorge- oder Rehabilitationseinrichtungen, Statistische Aemter des Bundes und der Laender, Stand 31.12.2024)",https://www.waldkrankenhaus.de,,
RH1249,Kreisklinik Roth Geriatrische Rehabilitation,Roth,91154,Kreisklinik Roth AdöR des Landkreises Roth,Roth,Mittelfranken,Reha-Einrichtung,,oeffentlich,30,,Geriatrie,ok,"RHV 2024 (Verzeichnis der Vorsorge- oder Rehabilitationseinrichtungen, Statistische Aemter des Bundes und der Laender, Stand 31.12.2024)",https://www.kreisklinik-roth.de,,
RH2706,Krankenhaus Rummelsberg GmbH – Rehabilitation,Schwarzenbruck,90592,Krankenhaus Rummelsberg GmbH,Nürnberger Land,Mittelfranken,Reha-Einrichtung,,privat,60,,Geriatrie,ok,"RHV 2024 (Verzeichnis der Vorsorge- oder Rehabilitationseinrichtungen, Statistische Aemter des Bundes und der Laender, Stand 31.12.2024)",https://www.sana.de/rummelsberg/,,
RH2801,Mutter-Kind-Kurheim Marianne Osterried,Obermaiselstein,87538,Marianne Osterried,Oberallgäu,Schwaben,Reha-Einrichtung,,privat,55,,Keine Zuordnung zu spezifischem Fachgebiet,ok,"RHV 2024 (Verzeichnis der Vorsorge- oder Rehabilitationseinrichtungen, Statistische Aemter des Bundes und der Laender, Stand 31.12.2024)",https://www.mutterkindkurheim.de,,
RH2811,InnKlinikum Altötting und Mühldorf Geriatrische Rehabilitation,Burghausen,84489,InnKlinikum gKU Altötting und Mühldorf AöR,Altötting,Oberbayern,Reha-Einrichtung,,oeffentlich,22,,Geriatrie,ok,"RHV 2024 (Verzeichnis der Vorsorge- oder Rehabilitationseinrichtungen, Statistische Aemter des Bundes und der Laender, Stand 31.12.2024)",https://www.innklinikum.de,,
RH2122,Fachklinik Stadtsteinach,Stadtsteinach,95346,Zweckverband Klinikum Kulmbach,Kulmbach,Oberfranken,Reha-Einrichtung,,oeffentlich,62,,"Geriatrie, Orthopädie",ok,"RHV 2024 (Verzeichnis der Vorsorge- oder Rehabilitationseinrichtungen, Statistische Aemter des Bundes und der Laender, Stand 31.12.2024)",https://www.klinikum-kulmbach.de,,
RH2121,Klinikum Aschaffenburg-Alzenau Abt. Geriatrische Rehabilitation Standort Alzenau,Alzenau,63755,Klinikum Aschaffenburg-Alzenau gemeinnützige GmbH,Aschaffenburg,Unterfranken,Reha-Einrichtung,,oeffentlich,33,,Geriatrie,ok,"RHV 2024 (Verzeichnis der Vorsorge- oder Rehabilitationseinrichtungen, Statistische Aemter des Bundes und der Laender, Stand 31.12.2024)",https://www.klinikum-ab-alz.de,,
RH2081,Fachklinik Osterhofen GmbH,Osterhofen,94486,Fachklinik Osterhofen GmbH,Deggendorf,Niederbayern,Reha-Einrichtung,,privat,35,,Allgemeine Chirurgie,ok,"RHV 2024 (Verzeichnis der Vorsorge- oder Rehabilitationseinrichtungen, Statistische Aemter des Bundes und der Laender, Stand 31.12.2024)",https://www.fachklinik-osterhofen.de,,
RH2724,Geriatrische Rehabilitation der Hessing Stiftung,Augsburg,86199,Hofrat Friedrich Hessing’sche orthopädische Heilanstalt in Göggingen-Augsburg,Augsburg,Schwaben,Reha-Einrichtung,,freigemeinnuetzig,140,,Geriatrie,ok,"RHV 2024 (Verzeichnis der Vorsorge- oder Rehabilitationseinrichtungen, Statistische Aemter des Bundes und der Laender, Stand 31.12.2024)",https://www.hessing-geriatrie.de,,
RH2544,Helios Amper-Klinik Indersdorf,Markt Indersdorf,85229,Amper Kliniken AG,Dachau,Oberbayern,Reha-Einrichtung,,privat,67,,Geriatrie,ok,"RHV 2024 (Verzeichnis der Vorsorge- oder Rehabilitationseinrichtungen, Statistische Aemter des Bundes und der Laender, Stand 31.12.2024)",https://www.helios-gesundheit.de/indersdorf,,
RH1257,Medical Park Bad Rodach GmbH & Co. KG - Rehabilitation,Bad Rodach,96476,Medical Park Bad Rodach GmbH & Co. KG,Coburg,Oberfranken,Reha-Einrichtung,,privat,412,,"Orthopädie, Neurologie",ok,"RHV 2024 (Verzeichnis der Vorsorge- oder Rehabilitationseinrichtungen, Statistische Aemter des Bundes und der Laender, Stand 31.12.2024)",https://www.badrodach.medicalpark.de,,
RH1634,Kliniken Ostallgäu-Kaufbeuren Klinik Füssen Geriatrische Rehabilitation,Füssen,87629,Kliniken Ostallgäu-Kaufbeuren Anstalt des öffentlichen Rechts des Landkreises Ostallgäu und der Stadt Kaufbeuren,Ostallgäu,Schwaben,Reha-Einrichtung,,oeffentlich,25,,Geriatrie,ok,"RHV 2024 (Verzeichnis der Vorsorge- oder Rehabilitationseinrichtungen, Statistische Aemter des Bundes und der Laender, Stand 31.12.2024)",https://www.kliniken-oal-kf.de,,
RH1261,Fachklinik St. Marien Wertach GmbH Vorsorge u. Rehabilitation für Frauen in Familienverantwortung,Wertach,87497,Fachklinik St. Marien Wertach GmbH,Oberallgäu,Schwaben,Reha-Einrichtung,,freigemeinnuetzig,75,,Prävention,ok,"RHV 2024 (Verzeichnis der Vorsorge- oder Rehabilitationseinrichtungen, Statistische Aemter des Bundes und der Laender, Stand 31.12.2024)",https://www.haus-st-marien.de,,
RH2939,Reha-Zentrum Passauer Wolf Bad Griesbach Reha,Bad Griesbach-Therme,94086,Passauer Wolf Bad Griesbach GmbH & Co. KG,Passau,Niederbayern,Reha-Einrichtung,,privat,235,,"Innere Medizin, Geriatrie, Kardiologie, Neurologie",ok,"RHV 2024 (Verzeichnis der Vorsorge- oder Rehabilitationseinrichtungen, Statistische Aemter des Bundes und der Laender, Stand 31.12.2024)",https://www.passauerwolf.de,,
RH2902,Asklepios Klinik Schaufling GmbH Betriebsstätte Aidenbach,Aidenbach,94501,Asklepios Klinik Schaufling GmbH,Passau,Niederbayern,Reha-Einrichtung,,privat,102,,Geriatrie,ok,"RHV 2024 (Verzeichnis der Vorsorge- oder Rehabilitationseinrichtungen, Statistische Aemter des Bundes und der Laender, Stand 31.12.2024)",https://www.asklepios.com,,
RH1205,Geriatriezentrum Neuburg GmbH Geriatrische Fachklinik,Neuburg a. d. Donau,86633,Geriatriezentrum Neuburg GmbH,Neuburg-Schrobenhausen,Oberbayern,Reha-Einrichtung,,oeffentlich,80,,Geriatrie,ok,"RHV 2024 (Verzeichnis der Vorsorge- oder Rehabilitationseinrichtungen, Statistische Aemter des Bundes und der Laender, Stand 31.12.2024)",https://www.gzn.de,,
RH1198,Evangelische Mutter-Kind-Kurklinik Scheidegg Prävention und Rehabilitation,Scheidegg,88175,Evang. Müttergenesung Württemberg gGmbH,Lindau (Bodensee),Schwaben,Reha-Einrichtung,,freigemeinnuetzig,103,,Keine Zuordnung zu spezifischem Fachgebiet,ok,"RHV 2024 (Verzeichnis der Vorsorge- oder Rehabilitationseinrichtungen, Statistische Aemter des Bundes und der Laender, Stand 31.12.2024)",https://www.muettergenesung-kur.de,,
RH2682,Mittelbayerisches Rehabilitationszentrum Klinikum Luitpold und Klinikum Maximilian,Bad Kötzting,93444,Visio Klinik GmbH,Cham,Oberpfalz,Reha-Einrichtung,,privat,294,,"Geriatrie, Orthopädie, Neurologie",ok,"RHV 2024 (Verzeichnis der Vorsorge- oder Rehabilitationseinrichtungen, Statistische Aemter des Bundes und der Laender, Stand 31.12.2024)",,,
RH2466,Reha-Zentrum Isarwinkel,Bad Tölz,83646,ReAL gGmbH,Bad Tölz-Wolfratshausen,Oberbayern,Reha-Einrichtung,,freigemeinnuetzig,40,,Rehabilitation psychisch Kranker (RPK),ok,"RHV 2024 (Verzeichnis der Vorsorge- oder Rehabilitationseinrichtungen, Statistische Aemter des Bundes und der Laender, Stand 31.12.2024)",https://www.real-verbund.de,,
RH1752,m&i-Fachklinik Herzogenaurach Medizinische Rehabilitation,Herzogenaurach,91074,m&i-Klinikgesellschaft in Herzogenaurach GmbH,Erlangen-Höchstadt,Mittelfranken,Reha-Einrichtung,,privat,335,,"Geriatrie, Orthopädie, Neurologie",ok,"RHV 2024 (Verzeichnis der Vorsorge- oder Rehabilitationseinrichtungen, Statistische Aemter des Bundes und der Laender, Stand 31.12.2024)",https://www.fachklinik-herzogenaurach.de,,
RH2785,Klinik Inntaler Hof GmbH & Co. KG,Neuburg am Inn,94127,Klinik Inntaler Hof GmbH & Co. KG,Passau,Niederbayern,Reha-Einrichtung,,privat,230,,Sonstige Fachabteilung,ok,"RHV 2024 (Verzeichnis der Vorsorge- oder Rehabilitationseinrichtungen, Statistische Aemter des Bundes und der Laender, Stand 31.12.2024)",https://www.klinik-inntaler-hof.de,,
RH2178,Schön Klinik München Schwabing SE & Co. KG - Rehabilitation,München,80804,Schön Klinik München Schwabing SE & Co. KG,"München, Landeshauptstadt",Oberbayern,Reha-Einrichtung,,privat,14,,Neurologie,ok,"RHV 2024 (Verzeichnis der Vorsorge- oder Rehabilitationseinrichtungen, Statistische Aemter des Bundes und der Laender, Stand 31.12.2024)",,,
RH1817,Asklepios Klinik St. Wolfgang Rehabilitation,Bad Griesbach-Therme,94086,Asklepios Klinik Bad Griesbach GmbH & Cie. OHG,Passau,Niederbayern,Reha-Einrichtung,,privat,61,,"Innere Medizin, Urologie, Orthopädie",ok,"RHV 2024 (Verzeichnis der Vorsorge- oder Rehabilitationseinrichtungen, Statistische Aemter des Bundes und der Laender, Stand 31.12.2024)",https://www.stwolfgang.de,,
RH2904,Sana Klinikum Coburg,Coburg,96450,Sana Kliniken Oberfranken Coburg GmbH,Coburg,Oberfranken,Reha-Einrichtung,,privat,53,,Geriatrie,ok,"RHV 2024 (Verzeichnis der Vorsorge- oder Rehabilitationseinrichtungen, Statistische Aemter des Bundes und der Laender, Stand 31.12.2024)",https://www.sana.de/coburg,,
RH2712,HESCURO Klinik Bad Brückenau - Geriatrische Rehabilitation,Bad Brückenau,97769,HESCURO KLINIK Bad Brückenau GmbH,Bad Kissingen,Unterfranken,Reha-Einrichtung,,privat,30,,Geriatrie,ok,"RHV 2024 (Verzeichnis der Vorsorge- oder Rehabilitationseinrichtungen, Statistische Aemter des Bundes und der Laender, Stand 31.12.2024)",https://www.hescuro-bad-brueckenau.de,,
RH2736,Geriatrische Rehabilitation im Rotkreuzklinikum München,München,80634,Rotkreuzklinikum München gGmbH,"München, Landeshauptstadt",Oberbayern,Reha-Einrichtung,,freigemeinnuetzig,20,,Geriatrie,ok,"RHV 2024 (Verzeichnis der Vorsorge- oder Rehabilitationseinrichtungen, Statistische Aemter des Bundes und der Laender, Stand 31.12.2024)",https://www.rotkreuzklinikum-muenchen.de,,
RH2538,Donau-Ries-Klinik Oettingen Geriatrische Rehabilitation,Oettingen,86732,Donau-Ries Kliniken und Seniorenheime gKU,Donau-Ries,Schwaben,Reha-Einrichtung,,oeffentlich,33,,Geriatrie,ok,"RHV 2024 (Verzeichnis der Vorsorge- oder Rehabilitationseinrichtungen, Statistische Aemter des Bundes und der Laender, Stand 31.12.2024)",https://www.donkliniken.de,,
RH2718,Geriatrische Rehabilitation am Kreiskrankenhaus Pfarrkirchen,Pfarrkirchen,84347,Rottal-Inn Kliniken Kommunalunternehmen,Rottal-Inn,Niederbayern,Reha-Einrichtung,,oeffentlich,52,,Geriatrie,ok,"RHV 2024 (Verzeichnis der Vorsorge- oder Rehabilitationseinrichtungen, Statistische Aemter des Bundes und der Laender, Stand 31.12.2024)",https://www.rottalinnkliniken.de,,
RH1054,Geriatrisches Reha-Zentrum Alexander von Humboldt Klinik GRZ Betriebs GmbH,Bad Steben,95138,Geriatrisches Reha-Zentrum Alexander von Humboldt Klinik GRZ Betriebs GmbH,Hof,Oberfranken,Reha-Einrichtung,,privat,86,,Geriatrie,ok,"RHV 2024 (Verzeichnis der Vorsorge- oder Rehabilitationseinrichtungen, Statistische Aemter des Bundes und der Laender, Stand 31.12.2024)",https://www.humboldtklinik.de,,
RH2284,NürnbergStift Geriatrische Rehabilitation,Nürnberg,90489,Stadt Nürnberg,Nürnberg,Mittelfranken,Reha-Einrichtung,,oeffentlich,45,,Geriatrie,ok,"RHV 2024 (Verzeichnis der Vorsorge- oder Rehabilitationseinrichtungen, Statistische Aemter des Bundes und der Laender, Stand 31.12.2024)",https://www.nuernbergstift.de,,
RH2067,Klinik St. Lukas,Bad Griesbach-Zentrum,94086,Kliniken St. Lukas GmbH,Passau,Niederbayern,Reha-Einrichtung,,privat,43,,Psychosomatik/Psychotherapie,ok,"RHV 2024 (Verzeichnis der Vorsorge- oder Rehabilitationseinrichtungen, Statistische Aemter des Bundes und der Laender, Stand 31.12.2024)",https://www.fachklinik-sankt-lukas.de,,
RH2853,Geriatrische Rehabilitation Diakoniewerk München-Maxvorstadt,München,80799,Diakoniewerk München-Maxvorstadt KdöR,"München, Landeshauptstadt",Oberbayern,Reha-Einrichtung,,freigemeinnuetzig,42,,Geriatrie,ok,"RHV 2024 (Verzeichnis der Vorsorge- oder Rehabilitationseinrichtungen, Statistische Aemter des Bundes und der Laender, Stand 31.12.2024)",https://www.diakoniewerk-muenchen.de,,
RH2968,Geriatrische Rehabilitation Oberbayern – Bruckmühl GmbH,Bruckmühl,83052,Gesundheitsbetriebe Dr. N. Netzer GmbH,Rosenheim,Oberbayern,Reha-Einrichtung,,privat,60,,Geriatrie,ok,"RHV 2024 (Verzeichnis der Vorsorge- oder Rehabilitationseinrichtungen, Statistische Aemter des Bundes und der Laender, Stand 31.12.2024)",https://www.gro-med.de,,
RH2482,Alpcura Fachklinik Allgäu,Pfronten,87459,Alpcura Fachklinik Allgäu Betriebsgesellschaft mbH,Ostallgäu,Schwaben,Reha-Einrichtung,,privat,236,,"Pneumologie, Psychosomatik/Psychotherapie",ok,"RHV 2024 (Verzeichnis der Vorsorge- oder Rehabilitationseinrichtungen, Statistische Aemter des Bundes und der Laender, Stand 31.12.2024)",https://www.fachklinik-allgaeu.de,,
RH2398,Bezirksklinikum Ansbach Klinik für Geriatrische Rehabilitation Hs. 15,Ansbach,91522,Bezirkskliniken Mittelfranken,Ansbach,Mittelfranken,Reha-Einrichtung,,oeffentlich,28,,Geriatrie,ok,"RHV 2024 (Verzeichnis der Vorsorge- oder Rehabilitationseinrichtungen, Statistische Aemter des Bundes und der Laender, Stand 31.12.2024)",https://www.bezirkskliniken-mfr.de,,
RH1193,Römerbad-Klinik Bad Gögging,Neustadt a. d. Donau,93333,Römerbad Klinik GmbH,Kelheim,Niederbayern,Reha-Einrichtung,,privat,176,,Orthopädie,ok,"RHV 2024 (Verzeichnis der Vorsorge- oder Rehabilitationseinrichtungen, Statistische Aemter des Bundes und der Laender, Stand 31.12.2024)",https://www.roemerbad-klinik.de,,
RH1459,Kaiser Trajan Hotel und Klinik GmbH,Neustadt a. d. Donau,93333,Kaiser Trajan Hotel und Klinik GmbH,Kelheim,Niederbayern,Reha-Einrichtung,,privat,126,,"Orthopädie, Psychosomatik/Psychotherapie",ok,"RHV 2024 (Verzeichnis der Vorsorge- oder Rehabilitationseinrichtungen, Statistische Aemter des Bundes und der Laender, Stand 31.12.2024)",https://www.kaiser-trajan.de,,
RH2420,Klinik Jesuitenschlößl Betriebs GmbH,Passau,94032,Klinik Jesuitenschlößl Betriebs GmbH,Passau,Niederbayern,Reha-Einrichtung,,privat,173,,"Neurologie, Psychosomatik/Psychotherapie",ok,"RHV 2024 (Verzeichnis der Vorsorge- oder Rehabilitationseinrichtungen, Statistische Aemter des Bundes und der Laender, Stand 31.12.2024)",https://www.gesundheitscampus-passau.de,,
RH2100,Vorsorgeklinik Berchtesgadener Land Bischofswiesen,Bischofswiesen,83483,Augustinum gemeinnützige GmbH,Berchtesgadener Land,Oberbayern,Reha-Einrichtung,,freigemeinnuetzig,45,,Keine Zuordnung zu spezifischem Fachgebiet,ok,"RHV 2024 (Verzeichnis der Vorsorge- oder Rehabilitationseinrichtungen, Statistische Aemter des Bundes und der Laender, Stand 31.12.2024)",https://www.augustinum.de/berchtesgadenerland/,,
RH1997,Schmid-Falter Kurhotel,Bad Reichenhall,83435,Oliver Schmid-Falter,Berchtesgadener Land,Oberbayern,Reha-Einrichtung,,privat,10,,Lungen- und Bronchialheilkunde,ok,"RHV 2024 (Verzeichnis der Vorsorge- oder Rehabilitationseinrichtungen, Statistische Aemter des Bundes und der Laender, Stand 31.12.2024)",https://www.kurhotel-falter.de,,
RH1712,Klinik Sonnenbichl gGmbH Prävention und Rehabilitation für Mutter und Kind,Aschau i.Chiemgau,83229,Klinik Sonnenbichl gGmbH im FrauenWerk Stein e.V.,Rosenheim,Oberbayern,Reha-Einrichtung,,freigemeinnuetzig,97,,Keine Zuordnung zu spezifischem Fachgebiet,ok,"RHV 2024 (Verzeichnis der Vorsorge- oder Rehabilitationseinrichtungen, Statistische Aemter des Bundes und der Laender, Stand 31.12.2024)",https://www.klinik-sonnenbichl-aschau.de,,
RH1354,Suchttherapiezentrum Fachklinik Alpenland,Bad Aibling,83043,Deutscher Orden Deutsche Provinz der Brüder vom Deutschen Haus St. Mariens in Jerusalem KdöR,Rosenheim,Oberbayern,Reha-Einrichtung,,freigemeinnuetzig,86,,Entwöhnungsbehandlungen,ok,"RHV 2024 (Verzeichnis der Vorsorge- oder Rehabilitationseinrichtungen, Statistische Aemter des Bundes und der Laender, Stand 31.12.2024)",https://www.rosenheim-suchthilfe.de,,
RH1469,Sanatorium Am Mühlbach,Bad Füssing,94072,Das Mühlbach e.K.,Passau,Niederbayern,Reha-Einrichtung,,privat,21,,"Orthopädie, Med. berufliche Rehabilitation",ok,"RHV 2024 (Verzeichnis der Vorsorge- oder Rehabilitationseinrichtungen, Statistische Aemter des Bundes und der Laender, Stand 31.12.2024)",https://www.muehlbach.de/gesundheit/sanatorium/,,
RH1338,Klinik Sonnenalm GmbH & Co. KG,Oberstaufen,87534,Klinik Sonnenalm GmbH & Co. KG,Oberallgäu,Schwaben,Reha-Einrichtung,,privat,170,,Keine Zuordnung zu spezifischem Fachgebiet,ok,"RHV 2024 (Verzeichnis der Vorsorge- oder Rehabilitationseinrichtungen, Statistische Aemter des Bundes und der Laender, Stand 31.12.2024)",https://www.klinik-sonnenalm.de,,
RH2777,Asklepios Gesundheitszentrum Bad Tölz GmbH,Bad Tölz,83646,Asklepios Gesundheitszentrum Bad Tölz GmbH,Bad Tölz-Wolfratshausen,Oberbayern,Reha-Einrichtung,,privat,59,,Neurologie,ok,"RHV 2024 (Verzeichnis der Vorsorge- oder Rehabilitationseinrichtungen, Statistische Aemter des Bundes und der Laender, Stand 31.12.2024)",https://www.asklepios.com/agz-badtoelz/,,
RH2431,Kreisspitalstiftung Weißenhorn Illertalklinik Illertissen Geriatrische Rehabilitation,Illertissen,89257,"Kreisspitalstiftung Weißenhorn, kreiskommunale Stiftung des öffentlichen Rechts",Neu-Ulm,Schwaben,Reha-Einrichtung,,oeffentlich,49,,Geriatrie,ok,"RHV 2024 (Verzeichnis der Vorsorge- oder Rehabilitationseinrichtungen, Statistische Aemter des Bundes und der Laender, Stand 31.12.2024)",https://www.gesundheitszentrum-illertissen.de,,
RH2217,Sana Kliniken des Landkreises Cham GmbH – Rehabilitation,Roding,93426,Sana Kliniken des Landkreises Cham GmbH,Cham,Oberpfalz,Reha-Einrichtung,,privat,25,,Orthopädie,ok,"RHV 2024 (Verzeichnis der Vorsorge- oder Rehabilitationseinrichtungen, Statistische Aemter des Bundes und der Laender, Stand 31.12.2024)",https://www.sana.de/gesundheitscampus-roding,,
RH1892,Reha-Zentrum Ingolstadt GmbH,Ingolstadt,85049,Reha-Zentrum Ingolstadt GmbH,Ingolstadt,Oberbayern,Reha-Einrichtung,,privat,38,,Neurologie,ok,"RHV 2024 (Verzeichnis der Vorsorge- oder Rehabilitationseinrichtungen, Statistische Aemter des Bundes und der Laender, Stand 31.12.2024)",https://www.reha-zentrum-ingolstadt.de,,
RH1765,Kreisklinik Berchtesgaden Orthopädische Rehabilitation,Berchtesgaden,83471,Kliniken Südostbayern AG,Berchtesgadener Land,Oberbayern,Reha-Einrichtung,,oeffentlich,30,,"Geriatrie, Orthopädie",ok,"RHV 2024 (Verzeichnis der Vorsorge- oder Rehabilitationseinrichtungen, Statistische Aemter des Bundes und der Laender, Stand 31.12.2024)",https://www.kliniken-suedostbayern.de,,
RH2135,Klinik Dr. Beger,Garmisch-Partenkirchen,82467,Anton Klotz,Garmisch-Partenkirchen,Oberbayern,Reha-Einrichtung,,privat,69,,Orthopädie,ok,"RHV 2024 (Verzeichnis der Vorsorge- oder Rehabilitationseinrichtungen, Statistische Aemter des Bundes und der Laender, Stand 31.12.2024)",https://www.begerklinik.de,,
RH2847,AMEOS Reha Klinikum Inntal,Simbach am Inn,84359,AMEOS Klinikum Inntal GmbH,Rottal-Inn,Niederbayern,Reha-Einrichtung,,privat,90,,Psychosomatik/Psychotherapie,ok,"RHV 2024 (Verzeichnis der Vorsorge- oder Rehabilitationseinrichtungen, Statistische Aemter des Bundes und der Laender, Stand 31.12.2024)",https://www.ameos.de,,
RH1468,HESCURO – Klinik REGINA – GmbH & Co. KG,Bad Kissingen,97688,HESCURO - Klinik REGINA - GmbH & Co. KG,Bad Kissingen,Unterfranken,Reha-Einrichtung,,privat,193,,"Geriatrie, Orthopädie",ok,"RHV 2024 (Verzeichnis der Vorsorge- oder Rehabilitationseinrichtungen, Statistische Aemter des Bundes und der Laender, Stand 31.12.2024)",https://www.hescuro.de,,
RH2651,Medical Park Chiemseeblick GmbH & Co.KG,Bernau a. Chiemsee,83233,Medical Park Chiemseeblick GmbH & Co.KG,Rosenheim,Oberbayern,Reha-Einrichtung,,privat,90,,Psychosomatik/Psychotherapie,ok,"RHV 2024 (Verzeichnis der Vorsorge- oder Rehabilitationseinrichtungen, Statistische Aemter des Bundes und der Laender, Stand 31.12.2024)",https://www.medicalpark.de/psychosomatische-behandlung,,
RH1611,Sozialstiftung Bamberg Saludis gGmbH Geriatrische und Neurologische Rehabilitation,Bamberg,96049,Sozialstiftung Bamberg Saludis gGmbH,Bamberg,Oberfranken,Reha-Einrichtung,,freigemeinnuetzig,126,,"Geriatrie, Neurologie",ok,"RHV 2024 (Verzeichnis der Vorsorge- oder Rehabilitationseinrichtungen, Statistische Aemter des Bundes und der Laender, Stand 31.12.2024)",https://www.saludis.de,,
RH1745,DR. ERLER REHA am Kontumazgarten,Nürnberg,90429,Kliniken Dr. Erler gGmbH,Nürnberg,Mittelfranken,Reha-Einrichtung,,freigemeinnuetzig,90,,Orthopädie,ok,"RHV 2024 (Verzeichnis der Vorsorge- oder Rehabilitationseinrichtungen, Statistische Aemter des Bundes und der Laender, Stand 31.12.2024)",https://www.erler-reha.de,,
RH2220,Medizinische Jugendrehabilitation,Peiting,86971,Diakonie Herzogsägmühle gGmbH ,Weilheim-Schongau,Oberbayern,Reha-Einrichtung,,freigemeinnuetzig,29,,Kinder- und Jugendpsychiatrie,ok,"RHV 2024 (Verzeichnis der Vorsorge- oder Rehabilitationseinrichtungen, Statistische Aemter des Bundes und der Laender, Stand 31.12.2024)",https://www.herzogsaegmuehle.de,,
RH1289,RPK Lichthof,Hof,95028,Gesellschaft zur Förderung beruflicher und sozialer Integration (gfi) gemeinnützige GmbH,Hof,Oberfranken,Reha-Einrichtung,,freigemeinnuetzig,18,,Rehabilitation psychisch Kranker (RPK),ok,"RHV 2024 (Verzeichnis der Vorsorge- oder Rehabilitationseinrichtungen, Statistische Aemter des Bundes und der Laender, Stand 31.12.2024)",https://www.rpk-lichthof.de,,
RH1465,AWO Klinik zur Solequelle Gesundheit für Mutter und Kind,Bad Windsheim,91438,AWO Bezirksverband Ober- und Mittelfranken e.V.,Neustadt a.d.Aisch-Bad Windsheim,Mittelfranken,Reha-Einrichtung,,freigemeinnuetzig,86,,Sonstige Fachabteilung,ok,"RHV 2024 (Verzeichnis der Vorsorge- oder Rehabilitationseinrichtungen, Statistische Aemter des Bundes und der Laender, Stand 31.12.2024)",https://www.awo-kliniken-omf.de,,
RH1487,Klinik Lindenhof,Bayerbach,94137,Klinik Lindenhof Betriebs GmbH,Rottal-Inn,Niederbayern,Reha-Einrichtung,,privat,196,,Keine Zuordnung zu spezifischem Fachgebiet,ok,"RHV 2024 (Verzeichnis der Vorsorge- oder Rehabilitationseinrichtungen, Statistische Aemter des Bundes und der Laender, Stand 31.12.2024)",https://www.klinik-lindenhof.de,,
RH2402,Haus Kühberg Mutter-Kind-Kuren GmbH,Blaichach,87544,Mutter-Kind-Kuren GmbH,Oberallgäu,Schwaben,Reha-Einrichtung,,privat,50,,Keine Zuordnung zu spezifischem Fachgebiet,ok,"RHV 2024 (Verzeichnis der Vorsorge- oder Rehabilitationseinrichtungen, Statistische Aemter des Bundes und der Laender, Stand 31.12.2024)",https://www.mutterkindkur.de,,
RH2251,AWO Seenlandklinik Lindenhof Gesundheit für Mutter und Kind,Gunzenhausen,91710,AWO Bezirksverband Ober- und Mittelfranken e.V.,Weißenburg-Gunzenhausen,Mittelfranken,Reha-Einrichtung,,freigemeinnuetzig,82,,Sonstige Fachabteilung,ok,"RHV 2024 (Verzeichnis der Vorsorge- oder Rehabilitationseinrichtungen, Statistische Aemter des Bundes und der Laender, Stand 31.12.2024)",https://www.awo-kliniken-omf.de,,
RH1320,Mutter / Vater & Kind Kurheim Alpenhof,Rettenberg,87549,Alberga gemeinnützige GmbH,Oberallgäu,Schwaben,Reha-Einrichtung,,freigemeinnuetzig,60,,Prävention,ok,"RHV 2024 (Verzeichnis der Vorsorge- oder Rehabilitationseinrichtungen, Statistische Aemter des Bundes und der Laender, Stand 31.12.2024)",https://www.alpenhof-kur.de,,
RH1008,Therapiezentrum Grafrath,Grafrath,82284,Deutscher Orden Deutsche Provinz der Brüder vom Deutschen Haus St. Mariens in Jerusalem KdöR,Fürstenfeldbruck,Oberbayern,Reha-Einrichtung,,freigemeinnuetzig,34,,Entwöhnungsbehandlungen,ok,"RHV 2024 (Verzeichnis der Vorsorge- oder Rehabilitationseinrichtungen, Statistische Aemter des Bundes und der Laender, Stand 31.12.2024)",,,
RH1866,Therapiezentrum Wolkersdorf,Schwabach,91126,Stadtmission Nürnberg e.V.,Schwabach,Mittelfranken,Reha-Einrichtung,,freigemeinnuetzig,28,,Entwöhnungsbehandlungen,ok,"RHV 2024 (Verzeichnis der Vorsorge- oder Rehabilitationseinrichtungen, Statistische Aemter des Bundes und der Laender, Stand 31.12.2024)",,,
RH1280,Kompass Drogenhilfe GmbH Kompass Kompakt,Augsburg,86179,Kompass Drogenhilfe GmbH,Augsburg,Schwaben,Reha-Einrichtung,,freigemeinnuetzig,24,,Entwöhnungsbehandlungen,ok,"RHV 2024 (Verzeichnis der Vorsorge- oder Rehabilitationseinrichtungen, Statistische Aemter des Bundes und der Laender, Stand 31.12.2024)",https://www.kompass-augsburg.de,,
RH1641,Würmtalklinik Gräfelfing,Gräfelfing,82166,Deutscher Orden Deutsche Provinz der Brüder vom Deutschen Haus St. Mariens in Jerusalem KdöR,München,Oberbayern,Reha-Einrichtung,,freigemeinnuetzig,36,,Entwöhnungsbehandlungen,ok,"RHV 2024 (Verzeichnis der Vorsorge- oder Rehabilitationseinrichtungen, Statistische Aemter des Bundes und der Laender, Stand 31.12.2024)",https://www.suchtklinik-muenchen.de,,
RH1906,bwlv – Fachklinik Schloss Eichelsdorf,Hofheim,97461,BWLV-Geschäftsstelle,Haßberge,Unterfranken,Reha-Einrichtung,,freigemeinnuetzig,60,,Entwöhnungsbehandlungen,ok,"RHV 2024 (Verzeichnis der Vorsorge- oder Rehabilitationseinrichtungen, Statistische Aemter des Bundes und der Laender, Stand 31.12.2024)",,,
RH1707,Kompass Drogenhilfe GmbH Kompass-Impuls,Ottobeuren,87724,Kompass Drogenhilfe GmbH,Unterallgäu,Schwaben,Reha-Einrichtung,,freigemeinnuetzig,16,,Entwöhnungsbehandlungen,ok,"RHV 2024 (Verzeichnis der Vorsorge- oder Rehabilitationseinrichtungen, Statistische Aemter des Bundes und der Laender, Stand 31.12.2024)",,,
RH2063,RPK Landsberg,Landsberg am Lech,86899,Diakonie Herzogsägmühle gGmbH ,Landsberg am Lech,Oberbayern,Reha-Einrichtung,,freigemeinnuetzig,20,,Rehabilitation psychisch Kranker (RPK),ok,"RHV 2024 (Verzeichnis der Vorsorge- oder Rehabilitationseinrichtungen, Statistische Aemter des Bundes und der Laender, Stand 31.12.2024)",https://www.herzogsaegmuehle.de,,
RH2019,Rehabilitationszentrum für psychisch Kranke – Herzogsägmühle,Peiting,86971,Diakonie Herzogsägmühle gGmbH ,Weilheim-Schongau,Oberbayern,Reha-Einrichtung,,freigemeinnuetzig,40,,Rehabilitation psychisch Kranker (RPK),ok,"RHV 2024 (Verzeichnis der Vorsorge- oder Rehabilitationseinrichtungen, Statistische Aemter des Bundes und der Laender, Stand 31.12.2024)",https://www.herzogsaegmuehle.de,,
RH1017,Rehabilitationszentrum Herzogsägmühle,Peiting,86971,Diakonie Herzogsägmühle gGmbH ,Weilheim-Schongau,Oberbayern,Reha-Einrichtung,,freigemeinnuetzig,30,,Rehabilitation psychisch Kranker (RPK),ok,"RHV 2024 (Verzeichnis der Vorsorge- oder Rehabilitationseinrichtungen, Statistische Aemter des Bundes und der Laender, Stand 31.12.2024)",https://www.herzogsaegmuehle.de,,
RH2437,Kompass Drogenhilfe GmbH Kompass Hof,Mindelheim,87719,Kompass Drogenhilfe GmbH,Unterallgäu,Schwaben,Reha-Einrichtung,,freigemeinnuetzig,32,,Entwöhnungsbehandlungen,ok,"RHV 2024 (Verzeichnis der Vorsorge- oder Rehabilitationseinrichtungen, Statistische Aemter des Bundes und der Laender, Stand 31.12.2024)",https://www.kompass-augsburg.de/kompass-hof,,
RH2207,Berufsgenossenschaftliche Unfallklinik Murnau,Murnau,82418,BG Klinikum Murnau gGmbH,Garmisch-Partenkirchen,Oberbayern,Reha-Einrichtung,,oeffentlich,171,,Med. berufliche Rehabilitation,ok,"RHV 2024 (Verzeichnis der Vorsorge- oder Rehabilitationseinrichtungen, Statistische Aemter des Bundes und der Laender, Stand 31.12.2024)",,,
RH1962,RHÖN-KLINIKUM Campus Bad Neustadt,Bad Neustadt a. d. Saale,97616,RHÖN-KLINIKUM AG,Rhön-Grabfeld,Unterfranken,Reha-Einrichtung,,privat,407,,"Kardiologie, Orthopädie, Neurologie, Psychosomatik/Psychotherapie",ok,"RHV 2024 (Verzeichnis der Vorsorge- oder Rehabilitationseinrichtungen, Statistische Aemter des Bundes und der Laender, Stand 31.12.2024)",,,
RH2979,Fachklinik Lenggries für Geriatrische Rehabilitation,Lenggries,83661,Gesundheitsbetriebe Isarwinkel GmbH,Bad Tölz-Wolfratshausen,Oberbayern,Reha-Einrichtung,,privat,60,,Geriatrie,ok,"RHV 2024 (Verzeichnis der Vorsorge- oder Rehabilitationseinrichtungen, Statistische Aemter des Bundes und der Laender, Stand 31.12.2024)",https://www.gro-med.de,,
RH2456,Klinikum Altmühlfranken Gunzenhausen Geriatrische Rehabilitation,Gunzenhausen,91710,Kommunalunternehmen Klinikum Altmühlfranken,Weißenburg-Gunzenhausen,Mittelfranken,Reha-Einrichtung,,oeffentlich,30,,Geriatrie,ok,"RHV 2024 (Verzeichnis der Vorsorge- oder Rehabilitationseinrichtungen, Statistische Aemter des Bundes und der Laender, Stand 31.12.2024)",https://www.klinikum-altmuehlfranken.de,,
RH2738,Medical Park Bad Wiessee GmbH & Co. KG Fachklinik,Bad Wiessee,83707,Medical Park Bad Wiessee GmbH & Co. KG,Miesbach,Oberbayern,Reha-Einrichtung,,privat,81,,Orthopädie,ok,"RHV 2024 (Verzeichnis der Vorsorge- oder Rehabilitationseinrichtungen, Statistische Aemter des Bundes und der Laender, Stand 31.12.2024)",https://www.kirschbaumfach.medicalpark.de,,
RH1382,Kurzentrum Sonnenschein GmbH & Co. KG,Zwiesel,94227,Kurzentrum Sonnenschein GmbH & Co. KG,Regen,Niederbayern,Reha-Einrichtung,,privat,265,,Psychosomatik/Psychotherapie,ok,"RHV 2024 (Verzeichnis der Vorsorge- oder Rehabilitationseinrichtungen, Statistische Aemter des Bundes und der Laender, Stand 31.12.2024)",https://www.klinik-sonnenschein-zwiesel.de,,
RH2855,Klinikum Main-Spessart Geriatrisches Zentrum Lohr,Lohr am Main,97816,Klinikum Main-Spessart,Main-Spessart,Unterfranken,Reha-Einrichtung,,oeffentlich,2,,Sonstige Fachabteilung,ok,"RHV 2024 (Verzeichnis der Vorsorge- oder Rehabilitationseinrichtungen, Statistische Aemter des Bundes und der Laender, Stand 31.12.2024)",,,
RH2167,Das Alpreflect GmbH & Co. KG Rehabilitation,Füssen,87629,Das Alpreflect GmbH & Co. KG,Ostallgäu,Schwaben,Reha-Einrichtung,,privat,134,,"Innere Medizin, Orthopädie, Psychosomatik/Psychotherapie",ok,"RHV 2024 (Verzeichnis der Vorsorge- oder Rehabilitationseinrichtungen, Statistische Aemter des Bundes und der Laender, Stand 31.12.2024)",https://www.alpreflect.de,,
RH1470,Sana Klinikum Neustadt – Fachklinik für Geriatrie und Rehabilitation,Neustadt b. Coburg,96465,Sana Kliniken Oberfranken Neustadt GmbH,Coburg,Oberfranken,Reha-Einrichtung,,privat,30,,Geriatrie,ok,"RHV 2024 (Verzeichnis der Vorsorge- oder Rehabilitationseinrichtungen, Statistische Aemter des Bundes und der Laender, Stand 31.12.2024)",https://www.sana.de/neustadt,,
